{
  "metadata": {
    "check_date": "2025-06-29T12:57:53.499946",
    "content_hash": "5f96fae701c47df94c1fab77f8f57ded",
    "source_file": "/Users/chiaki/開発用/ブログ文章生成/会社設立ガイド.md",
    "total_facts_checked": 50,
    "fact_checker_version": "1.0.0"
  },
  "summary": {
    "verified_facts": 24,
    "needs_update": 4,
    "incorrect_facts": 0,
    "unknown_facts": 22,
    "overall_accuracy": 0.48,
    "confidence_score": 0.7020000000000001
  },
  "detailed_results": [
    {
      "type": "numerical",
      "category": "money",
      "value": "10",
      "context": "は主に以下の会社形態があります：\n\n**株式会社**\n- 最も一般的な会社形態\n- 資本金1円から設立可能\n- 株主の責任は有限\n- 信用度が高い\n\n**合同会社（LLC）**\n- 設立費用が安い（約10万円）\n- 決算公告義務なし\n- 経営の自由度が高い\n- 社会的認知度は株式会社より劣る\n\n**合資会社・合名会社**\n- 現在はほとんど選択されない\n- 無限責任を負うリスクがある\n\n### 1.2 会",
      "text": "10万円",
      "verification_needed": true,
      "confidence": 0.8,
      "verification_result": {
        "status": "unknown",
        "confidence": 0.5,
        "sources": [],
        "last_checked": "2025-06-29T12:57:53.499831",
        "notes": "Amount not in known database"
      }
    },
    {
      "type": "numerical",
      "category": "money",
      "value": "4",
      "context": "- 商号\n- 目的\n- 本店所在地\n- 設立に際して出資される財産の価額またはその最低額\n- 発起人の氏名または名称及び住所\n\n**定款認証**\n- 公証役場での認証手続き\n- 電子定款の利用で印紙代4万円節約\n- 認証手数料：約5万円\n\n### 3.3 資本金の払込み\n\n**払込み手続き**\n- 発起人の個人口座への入金\n- 払込証明書の作成\n- 通帳のコピー準備\n\n### 3.4 設立登記の申請",
      "text": "4万円",
      "verification_needed": true,
      "confidence": 0.8,
      "verification_result": {
        "status": "verified",
        "confidence": 0.9,
        "sources": [
          "internal_database"
        ],
        "last_checked": "2025-06-29T12:57:53.499837",
        "notes": "Known amount for 印紙代"
      }
    },
    {
      "type": "numerical",
      "category": "money",
      "value": "5",
      "context": "在地\n- 設立に際して出資される財産の価額またはその最低額\n- 発起人の氏名または名称及び住所\n\n**定款認証**\n- 公証役場での認証手続き\n- 電子定款の利用で印紙代4万円節約\n- 認証手数料：約5万円\n\n### 3.3 資本金の払込み\n\n**払込み手続き**\n- 発起人の個人口座への入金\n- 払込証明書の作成\n- 通帳のコピー準備\n\n### 3.4 設立登記の申請\n\n**必要書類の準備**\n- 設",
      "text": "5万円",
      "verification_needed": true,
      "confidence": 0.8,
      "verification_result": {
        "status": "needs_update",
        "confidence": 0.7,
        "sources": [
          "internal_database"
        ],
        "last_checked": "2025-06-29T12:57:53.499841",
        "notes": "Known amount for 認証手数料"
      }
    },
    {
      "type": "numerical",
      "category": "money",
      "value": "15",
      "context": "*必要書類の準備**\n- 設立登記申請書\n- 定款\n- 取締役就任承諾書\n- 印鑑証明書\n- 払込証明書\n\n**法務局での手続き**\n- 管轄法務局の確認\n- 登記申請書の提出\n- 登録免許税の納付（15万円または資本金の0.7%の高い方）\n\n## 4. 設立後の重要な手続き\n\n### 4.1 税務署への届出\n\n**法人設立届出書**\n- 設立から2ヶ月以内に提出\n- 定款のコピーを添付\n\n**青色申告の",
      "text": "15万円",
      "verification_needed": true,
      "confidence": 0.8,
      "verification_result": {
        "status": "verified",
        "confidence": 0.95,
        "sources": [
          "internal_database"
        ],
        "last_checked": "2025-06-29T12:57:53.499844",
        "notes": "Known amount for 登録免許税"
      }
    },
    {
      "type": "numerical",
      "category": "money",
      "value": "5",
      "context": "座開設の審査**\n- 事業内容の説明\n- 資金使途の明確化\n- 審査期間は通常1-2週間\n\n## 5. 会社設立の費用\n\n### 5.1 株式会社設立の場合\n\n**必須費用**\n- 定款認証手数料：約5万円\n- 定款印紙代：4万円（電子定款なら0円）\n- 登録免許税：15万円\n- 印鑑作成費：1-3万円\n\n**合計：約25万円**（電子定款利用時は約21万円）\n\n### 5.2 合同会社設立の場合\n\n*",
      "text": "5万円",
      "verification_needed": true,
      "confidence": 0.8,
      "verification_result": {
        "status": "needs_update",
        "confidence": 0.7,
        "sources": [
          "internal_database"
        ],
        "last_checked": "2025-06-29T12:57:53.499847",
        "notes": "Known amount for 認証手数料"
      }
    },
    {
      "type": "numerical",
      "category": "money",
      "value": "4",
      "context": "業内容の説明\n- 資金使途の明確化\n- 審査期間は通常1-2週間\n\n## 5. 会社設立の費用\n\n### 5.1 株式会社設立の場合\n\n**必須費用**\n- 定款認証手数料：約5万円\n- 定款印紙代：4万円（電子定款なら0円）\n- 登録免許税：15万円\n- 印鑑作成費：1-3万円\n\n**合計：約25万円**（電子定款利用時は約21万円）\n\n### 5.2 合同会社設立の場合\n\n**必須費用**\n- 定款",
      "text": "4万円",
      "verification_needed": true,
      "confidence": 0.8,
      "verification_result": {
        "status": "verified",
        "confidence": 0.9,
        "sources": [
          "internal_database"
        ],
        "last_checked": "2025-06-29T12:57:53.499850",
        "notes": "Known amount for 印紙代"
      }
    },
    {
      "type": "numerical",
      "category": "money",
      "value": "15",
      "context": "期間は通常1-2週間\n\n## 5. 会社設立の費用\n\n### 5.1 株式会社設立の場合\n\n**必須費用**\n- 定款認証手数料：約5万円\n- 定款印紙代：4万円（電子定款なら0円）\n- 登録免許税：15万円\n- 印鑑作成費：1-3万円\n\n**合計：約25万円**（電子定款利用時は約21万円）\n\n### 5.2 合同会社設立の場合\n\n**必須費用**\n- 定款印紙代：4万円（電子定款なら0円）\n- 登録免",
      "text": "15万円",
      "verification_needed": true,
      "confidence": 0.8,
      "verification_result": {
        "status": "verified",
        "confidence": 0.95,
        "sources": [
          "internal_database"
        ],
        "last_checked": "2025-06-29T12:57:53.499853",
        "notes": "Known amount for 登録免許税"
      }
    },
    {
      "type": "numerical",
      "category": "money",
      "value": "3",
      "context": "5. 会社設立の費用\n\n### 5.1 株式会社設立の場合\n\n**必須費用**\n- 定款認証手数料：約5万円\n- 定款印紙代：4万円（電子定款なら0円）\n- 登録免許税：15万円\n- 印鑑作成費：1-3万円\n\n**合計：約25万円**（電子定款利用時は約21万円）\n\n### 5.2 合同会社設立の場合\n\n**必須費用**\n- 定款印紙代：4万円（電子定款なら0円）\n- 登録免許税：6万円\n- 印鑑作成費",
      "text": "3万円",
      "verification_needed": true,
      "confidence": 0.8,
      "verification_result": {
        "status": "verified",
        "confidence": 0.95,
        "sources": [
          "internal_database"
        ],
        "last_checked": "2025-06-29T12:57:53.499855",
        "notes": "Known amount for 認証手数料"
      }
    },
    {
      "type": "numerical",
      "category": "money",
      "value": "25",
      "context": "### 5.1 株式会社設立の場合\n\n**必須費用**\n- 定款認証手数料：約5万円\n- 定款印紙代：4万円（電子定款なら0円）\n- 登録免許税：15万円\n- 印鑑作成費：1-3万円\n\n**合計：約25万円**（電子定款利用時は約21万円）\n\n### 5.2 合同会社設立の場合\n\n**必須費用**\n- 定款印紙代：4万円（電子定款なら0円）\n- 登録免許税：6万円\n- 印鑑作成費：1-3万円\n\n**合計",
      "text": "25万円",
      "verification_needed": true,
      "confidence": 0.8,
      "verification_result": {
        "status": "unknown",
        "confidence": 0.5,
        "sources": [],
        "last_checked": "2025-06-29T12:57:53.499858",
        "notes": "Amount not in known database"
      }
    },
    {
      "type": "numerical",
      "category": "money",
      "value": "21",
      "context": "場合\n\n**必須費用**\n- 定款認証手数料：約5万円\n- 定款印紙代：4万円（電子定款なら0円）\n- 登録免許税：15万円\n- 印鑑作成費：1-3万円\n\n**合計：約25万円**（電子定款利用時は約21万円）\n\n### 5.2 合同会社設立の場合\n\n**必須費用**\n- 定款印紙代：4万円（電子定款なら0円）\n- 登録免許税：6万円\n- 印鑑作成費：1-3万円\n\n**合計：約11万円**（電子定款利用時",
      "text": "21万円",
      "verification_needed": true,
      "confidence": 0.8,
      "verification_result": {
        "status": "unknown",
        "confidence": 0.5,
        "sources": [],
        "last_checked": "2025-06-29T12:57:53.499860",
        "notes": "Amount not in known database"
      }
    },
    {
      "type": "numerical",
      "category": "money",
      "value": "4",
      "context": "款なら0円）\n- 登録免許税：15万円\n- 印鑑作成費：1-3万円\n\n**合計：約25万円**（電子定款利用時は約21万円）\n\n### 5.2 合同会社設立の場合\n\n**必須費用**\n- 定款印紙代：4万円（電子定款なら0円）\n- 登録免許税：6万円\n- 印鑑作成費：1-3万円\n\n**合計：約11万円**（電子定款利用時は約7万円）\n\n## 6. 専門家への依頼を検討すべきケース\n\n### 6.1 司法",
      "text": "4万円",
      "verification_needed": true,
      "confidence": 0.8,
      "verification_result": {
        "status": "verified",
        "confidence": 0.9,
        "sources": [
          "internal_database"
        ],
        "last_checked": "2025-06-29T12:57:53.499863",
        "notes": "Known amount for 印紙代"
      }
    },
    {
      "type": "numerical",
      "category": "money",
      "value": "6",
      "context": "印鑑作成費：1-3万円\n\n**合計：約25万円**（電子定款利用時は約21万円）\n\n### 5.2 合同会社設立の場合\n\n**必須費用**\n- 定款印紙代：4万円（電子定款なら0円）\n- 登録免許税：6万円\n- 印鑑作成費：1-3万円\n\n**合計：約11万円**（電子定款利用時は約7万円）\n\n## 6. 専門家への依頼を検討すべきケース\n\n### 6.1 司法書士への依頼\n\n**メリット**\n- 登記手",
      "text": "6万円",
      "verification_needed": true,
      "confidence": 0.8,
      "verification_result": {
        "status": "verified",
        "confidence": 0.95,
        "sources": [
          "internal_database"
        ],
        "last_checked": "2025-06-29T12:57:53.499865",
        "notes": "Known amount for 合同会社"
      }
    },
    {
      "type": "numerical",
      "category": "money",
      "value": "3",
      "context": "*合計：約25万円**（電子定款利用時は約21万円）\n\n### 5.2 合同会社設立の場合\n\n**必須費用**\n- 定款印紙代：4万円（電子定款なら0円）\n- 登録免許税：6万円\n- 印鑑作成費：1-3万円\n\n**合計：約11万円**（電子定款利用時は約7万円）\n\n## 6. 専門家への依頼を検討すべきケース\n\n### 6.1 司法書士への依頼\n\n**メリット**\n- 登記手続きの専門家\n- 確実な手続",
      "text": "3万円",
      "verification_needed": true,
      "confidence": 0.8,
      "verification_result": {
        "status": "unknown",
        "confidence": 0.5,
        "sources": [],
        "last_checked": "2025-06-29T12:57:53.499868",
        "notes": "Amount not in known database"
      }
    },
    {
      "type": "numerical",
      "category": "money",
      "value": "11",
      "context": "（電子定款利用時は約21万円）\n\n### 5.2 合同会社設立の場合\n\n**必須費用**\n- 定款印紙代：4万円（電子定款なら0円）\n- 登録免許税：6万円\n- 印鑑作成費：1-3万円\n\n**合計：約11万円**（電子定款利用時は約7万円）\n\n## 6. 専門家への依頼を検討すべきケース\n\n### 6.1 司法書士への依頼\n\n**メリット**\n- 登記手続きの専門家\n- 確実な手続き実行\n- 時間の節約",
      "text": "11万円",
      "verification_needed": true,
      "confidence": 0.8,
      "verification_result": {
        "status": "unknown",
        "confidence": 0.5,
        "sources": [],
        "last_checked": "2025-06-29T12:57:53.499870",
        "notes": "Amount not in known database"
      }
    },
    {
      "type": "numerical",
      "category": "money",
      "value": "7",
      "context": "### 5.2 合同会社設立の場合\n\n**必須費用**\n- 定款印紙代：4万円（電子定款なら0円）\n- 登録免許税：6万円\n- 印鑑作成費：1-3万円\n\n**合計：約11万円**（電子定款利用時は約7万円）\n\n## 6. 専門家への依頼を検討すべきケース\n\n### 6.1 司法書士への依頼\n\n**メリット**\n- 登記手続きの専門家\n- 確実な手続き実行\n- 時間の節約\n\n**費用**\n- 10-20",
      "text": "7万円",
      "verification_needed": true,
      "confidence": 0.8,
      "verification_result": {
        "status": "unknown",
        "confidence": 0.5,
        "sources": [],
        "last_checked": "2025-06-29T12:57:53.499872",
        "notes": "Amount not in known database"
      }
    },
    {
      "type": "numerical",
      "category": "money",
      "value": "20",
      "context": "万円）\n\n## 6. 専門家への依頼を検討すべきケース\n\n### 6.1 司法書士への依頼\n\n**メリット**\n- 登記手続きの専門家\n- 確実な手続き実行\n- 時間の節約\n\n**費用**\n- 10-20万円程度の報酬\n\n### 6.2 税理士への依頼\n\n**メリット**\n- 税務面でのアドバイス\n- 設立後の継続サポート\n- 節税対策の提案\n\n**費用**\n- 設立手続き：5-15万円\n- 顧問料：月額",
      "text": "20万円",
      "verification_needed": true,
      "confidence": 0.8,
      "verification_result": {
        "status": "unknown",
        "confidence": 0.5,
        "sources": [],
        "last_checked": "2025-06-29T12:57:53.499874",
        "notes": "Amount not in known database"
      }
    },
    {
      "type": "numerical",
      "category": "money",
      "value": "15",
      "context": "用**\n- 10-20万円程度の報酬\n\n### 6.2 税理士への依頼\n\n**メリット**\n- 税務面でのアドバイス\n- 設立後の継続サポート\n- 節税対策の提案\n\n**費用**\n- 設立手続き：5-15万円\n- 顧問料：月額2-5万円\n\n## 7. よくある失敗と対策\n\n### 7.1 資本金設定の失敗\n\n**失敗例**\n- 資本金1円で設立したが、取引先の信用を得られない\n- 消費税の免税期間を考慮せ",
      "text": "15万円",
      "verification_needed": true,
      "confidence": 0.8,
      "verification_result": {
        "status": "unknown",
        "confidence": 0.5,
        "sources": [],
        "last_checked": "2025-06-29T12:57:53.499877",
        "notes": "Amount not in known database"
      }
    },
    {
      "type": "numerical",
      "category": "money",
      "value": "5",
      "context": "の報酬\n\n### 6.2 税理士への依頼\n\n**メリット**\n- 税務面でのアドバイス\n- 設立後の継続サポート\n- 節税対策の提案\n\n**費用**\n- 設立手続き：5-15万円\n- 顧問料：月額2-5万円\n\n## 7. よくある失敗と対策\n\n### 7.1 資本金設定の失敗\n\n**失敗例**\n- 資本金1円で設立したが、取引先の信用を得られない\n- 消費税の免税期間を考慮せずに1000万円を超える資本",
      "text": "5万円",
      "verification_needed": true,
      "confidence": 0.8,
      "verification_result": {
        "status": "unknown",
        "confidence": 0.5,
        "sources": [],
        "last_checked": "2025-06-29T12:57:53.499879",
        "notes": "Amount not in known database"
      }
    },
    {
      "type": "numerical",
      "category": "money",
      "value": "1000",
      "context": "顧問料：月額2-5万円\n\n## 7. よくある失敗と対策\n\n### 7.1 資本金設定の失敗\n\n**失敗例**\n- 資本金1円で設立したが、取引先の信用を得られない\n- 消費税の免税期間を考慮せずに1000万円を超える資本金を設定\n\n**対策**\n- 業種・取引先に応じた適切な資本金額の設定\n- 税務上の影響を事前に検討\n\n### 7.2 事業目的の記載不備\n\n**失敗例**\n- 将来の事業展開を考慮せずに",
      "text": "1000万円",
      "verification_needed": true,
      "confidence": 0.8,
      "verification_result": {
        "status": "unknown",
        "confidence": 0.5,
        "sources": [],
        "last_checked": "2025-06-29T12:57:53.499881",
        "notes": "Amount not in known database"
      }
    },
    {
      "type": "numerical",
      "category": "money",
      "value": "4",
      "context": "険労務士\n- 弁護士\n\n**継続的な関係構築**\n- 定期的な相談\n- 情報共有\n- 早期対応\n\n## 9. デジタル化時代の会社設立\n\n### 9.1 電子定款の活用\n\n**メリット**\n- 印紙代4万円の節約\n- 手続きの効率化\n- 書類管理の簡素化\n\n### 9.2 オンライン手続きの拡大\n\n**現在利用可能なサービス**\n- 法人設立ワンストップサービス\n- 電子申請システム\n- オンライン相談",
      "text": "4万円",
      "verification_needed": true,
      "confidence": 0.8,
      "verification_result": {
        "status": "verified",
        "confidence": 0.9,
        "sources": [
          "internal_database"
        ],
        "last_checked": "2025-06-29T12:57:53.499884",
        "notes": "Known amount for 印紙代"
      }
    },
    {
      "type": "numerical",
      "category": "money",
      "value": "1",
      "context": "トまでを詳しく解説します。\n\n## 1. 会社設立の基礎知識\n\n### 1.1 会社の種類とその特徴\n\n日本では主に以下の会社形態があります：\n\n**株式会社**\n- 最も一般的な会社形態\n- 資本金1円から設立可能\n- 株主の責任は有限\n- 信用度が高い\n\n**合同会社（LLC）**\n- 設立費用が安い（約10万円）\n- 決算公告義務なし\n- 経営の自由度が高い\n- 社会的認知度は株式会社より劣る",
      "text": "1円",
      "verification_needed": true,
      "confidence": 0.8,
      "verification_result": {
        "status": "unknown",
        "confidence": 0.5,
        "sources": [],
        "last_checked": "2025-06-29T12:57:53.499886",
        "notes": "Amount not in known database"
      }
    },
    {
      "type": "numerical",
      "category": "money",
      "value": "1",
      "context": "不可\n- 使用できない文字や記号に注意\n- 商標権の確認\n\n**本店所在地の決定**\n- 自宅での登記も可能\n- バーチャルオフィスの利用\n- 将来の移転可能性を考慮\n\n**資本金の決定**\n- 最低1円から設立可能\n- 業種による許認可要件を確認\n- 税務上の影響を考慮\n\n### 3.2 定款の作成\n\n**定款の必須記載事項**\n- 商号\n- 目的\n- 本店所在地\n- 設立に際して出資される財産の価",
      "text": "1円",
      "verification_needed": true,
      "confidence": 0.8,
      "verification_result": {
        "status": "unknown",
        "confidence": 0.5,
        "sources": [],
        "last_checked": "2025-06-29T12:57:53.499888",
        "notes": "Amount not in known database"
      }
    },
    {
      "type": "numerical",
      "category": "money",
      "value": "0",
      "context": "金使途の明確化\n- 審査期間は通常1-2週間\n\n## 5. 会社設立の費用\n\n### 5.1 株式会社設立の場合\n\n**必須費用**\n- 定款認証手数料：約5万円\n- 定款印紙代：4万円（電子定款なら0円）\n- 登録免許税：15万円\n- 印鑑作成費：1-3万円\n\n**合計：約25万円**（電子定款利用時は約21万円）\n\n### 5.2 合同会社設立の場合\n\n**必須費用**\n- 定款印紙代：4万円（電",
      "text": "0円",
      "verification_needed": true,
      "confidence": 0.8,
      "verification_result": {
        "status": "unknown",
        "confidence": 0.5,
        "sources": [],
        "last_checked": "2025-06-29T12:57:53.499891",
        "notes": "Amount not in known database"
      }
    },
    {
      "type": "numerical",
      "category": "money",
      "value": "0",
      "context": "録免許税：15万円\n- 印鑑作成費：1-3万円\n\n**合計：約25万円**（電子定款利用時は約21万円）\n\n### 5.2 合同会社設立の場合\n\n**必須費用**\n- 定款印紙代：4万円（電子定款なら0円）\n- 登録免許税：6万円\n- 印鑑作成費：1-3万円\n\n**合計：約11万円**（電子定款利用時は約7万円）\n\n## 6. 専門家への依頼を検討すべきケース\n\n### 6.1 司法書士への依頼\n\n*",
      "text": "0円",
      "verification_needed": true,
      "confidence": 0.8,
      "verification_result": {
        "status": "unknown",
        "confidence": 0.5,
        "sources": [],
        "last_checked": "2025-06-29T12:57:53.499893",
        "notes": "Amount not in known database"
      }
    },
    {
      "type": "numerical",
      "category": "money",
      "value": "1",
      "context": "ポート\n- 節税対策の提案\n\n**費用**\n- 設立手続き：5-15万円\n- 顧問料：月額2-5万円\n\n## 7. よくある失敗と対策\n\n### 7.1 資本金設定の失敗\n\n**失敗例**\n- 資本金1円で設立したが、取引先の信用を得られない\n- 消費税の免税期間を考慮せずに1000万円を超える資本金を設定\n\n**対策**\n- 業種・取引先に応じた適切な資本金額の設定\n- 税務上の影響を事前に検討",
      "text": "1円",
      "verification_needed": true,
      "confidence": 0.8,
      "verification_result": {
        "status": "unknown",
        "confidence": 0.5,
        "sources": [],
        "last_checked": "2025-06-29T12:57:53.499895",
        "notes": "Amount not in known database"
      }
    },
    {
      "type": "numerical",
      "category": "money",
      "value": "10",
      "context": "では主に以下の会社形態があります：\n\n**株式会社**\n- 最も一般的な会社形態\n- 資本金1円から設立可能\n- 株主の責任は有限\n- 信用度が高い\n\n**合同会社（LLC）**\n- 設立費用が安い（約10万円）\n- 決算公告義務なし\n- 経営の自由度が高い\n- 社会的認知度は株式会社より劣る\n\n**合資会社・合名会社**\n- 現在はほとんど選択されない\n- 無限責任を負うリスクがある\n\n### 1.2 会",
      "text": "約10万円",
      "verification_needed": true,
      "confidence": 0.8,
      "verification_result": {
        "status": "unknown",
        "confidence": 0.5,
        "sources": [],
        "last_checked": "2025-06-29T12:57:53.499897",
        "notes": "Amount not in known database"
      }
    },
    {
      "type": "numerical",
      "category": "money",
      "value": "5",
      "context": "所在地\n- 設立に際して出資される財産の価額またはその最低額\n- 発起人の氏名または名称及び住所\n\n**定款認証**\n- 公証役場での認証手続き\n- 電子定款の利用で印紙代4万円節約\n- 認証手数料：約5万円\n\n### 3.3 資本金の払込み\n\n**払込み手続き**\n- 発起人の個人口座への入金\n- 払込証明書の作成\n- 通帳のコピー準備\n\n### 3.4 設立登記の申請\n\n**必要書類の準備**\n- 設",
      "text": "約5万円",
      "verification_needed": true,
      "confidence": 0.8,
      "verification_result": {
        "status": "needs_update",
        "confidence": 0.7,
        "sources": [
          "internal_database"
        ],
        "last_checked": "2025-06-29T12:57:53.499900",
        "notes": "Known amount for 認証手数料"
      }
    },
    {
      "type": "numerical",
      "category": "money",
      "value": "5",
      "context": "口座開設の審査**\n- 事業内容の説明\n- 資金使途の明確化\n- 審査期間は通常1-2週間\n\n## 5. 会社設立の費用\n\n### 5.1 株式会社設立の場合\n\n**必須費用**\n- 定款認証手数料：約5万円\n- 定款印紙代：4万円（電子定款なら0円）\n- 登録免許税：15万円\n- 印鑑作成費：1-3万円\n\n**合計：約25万円**（電子定款利用時は約21万円）\n\n### 5.2 合同会社設立の場合\n\n*",
      "text": "約5万円",
      "verification_needed": true,
      "confidence": 0.8,
      "verification_result": {
        "status": "needs_update",
        "confidence": 0.7,
        "sources": [
          "internal_database"
        ],
        "last_checked": "2025-06-29T12:57:53.499902",
        "notes": "Known amount for 認証手数料"
      }
    },
    {
      "type": "numerical",
      "category": "money",
      "value": "25",
      "context": "### 5.1 株式会社設立の場合\n\n**必須費用**\n- 定款認証手数料：約5万円\n- 定款印紙代：4万円（電子定款なら0円）\n- 登録免許税：15万円\n- 印鑑作成費：1-3万円\n\n**合計：約25万円**（電子定款利用時は約21万円）\n\n### 5.2 合同会社設立の場合\n\n**必須費用**\n- 定款印紙代：4万円（電子定款なら0円）\n- 登録免許税：6万円\n- 印鑑作成費：1-3万円\n\n**合計",
      "text": "約25万円",
      "verification_needed": true,
      "confidence": 0.8,
      "verification_result": {
        "status": "unknown",
        "confidence": 0.5,
        "sources": [],
        "last_checked": "2025-06-29T12:57:53.499905",
        "notes": "Amount not in known database"
      }
    },
    {
      "type": "numerical",
      "category": "money",
      "value": "21",
      "context": "の場合\n\n**必須費用**\n- 定款認証手数料：約5万円\n- 定款印紙代：4万円（電子定款なら0円）\n- 登録免許税：15万円\n- 印鑑作成費：1-3万円\n\n**合計：約25万円**（電子定款利用時は約21万円）\n\n### 5.2 合同会社設立の場合\n\n**必須費用**\n- 定款印紙代：4万円（電子定款なら0円）\n- 登録免許税：6万円\n- 印鑑作成費：1-3万円\n\n**合計：約11万円**（電子定款利用時",
      "text": "約21万円",
      "verification_needed": true,
      "confidence": 0.8,
      "verification_result": {
        "status": "unknown",
        "confidence": 0.5,
        "sources": [],
        "last_checked": "2025-06-29T12:57:53.499907",
        "notes": "Amount not in known database"
      }
    },
    {
      "type": "numerical",
      "category": "money",
      "value": "11",
      "context": "*（電子定款利用時は約21万円）\n\n### 5.2 合同会社設立の場合\n\n**必須費用**\n- 定款印紙代：4万円（電子定款なら0円）\n- 登録免許税：6万円\n- 印鑑作成費：1-3万円\n\n**合計：約11万円**（電子定款利用時は約7万円）\n\n## 6. 専門家への依頼を検討すべきケース\n\n### 6.1 司法書士への依頼\n\n**メリット**\n- 登記手続きの専門家\n- 確実な手続き実行\n- 時間の節約",
      "text": "約11万円",
      "verification_needed": true,
      "confidence": 0.8,
      "verification_result": {
        "status": "unknown",
        "confidence": 0.5,
        "sources": [],
        "last_checked": "2025-06-29T12:57:53.499909",
        "notes": "Amount not in known database"
      }
    },
    {
      "type": "numerical",
      "category": "money",
      "value": "7",
      "context": "### 5.2 合同会社設立の場合\n\n**必須費用**\n- 定款印紙代：4万円（電子定款なら0円）\n- 登録免許税：6万円\n- 印鑑作成費：1-3万円\n\n**合計：約11万円**（電子定款利用時は約7万円）\n\n## 6. 専門家への依頼を検討すべきケース\n\n### 6.1 司法書士への依頼\n\n**メリット**\n- 登記手続きの専門家\n- 確実な手続き実行\n- 時間の節約\n\n**費用**\n- 10-20",
      "text": "約7万円",
      "verification_needed": true,
      "confidence": 0.8,
      "verification_result": {
        "status": "unknown",
        "confidence": 0.5,
        "sources": [],
        "last_checked": "2025-06-29T12:57:53.499911",
        "notes": "Amount not in known database"
      }
    },
    {
      "type": "numerical",
      "category": "money",
      "value": "1",
      "context": "ポイントまでを詳しく解説します。\n\n## 1. 会社設立の基礎知識\n\n### 1.1 会社の種類とその特徴\n\n日本では主に以下の会社形態があります：\n\n**株式会社**\n- 最も一般的な会社形態\n- 資本金1円から設立可能\n- 株主の責任は有限\n- 信用度が高い\n\n**合同会社（LLC）**\n- 設立費用が安い（約10万円）\n- 決算公告義務なし\n- 経営の自由度が高い\n- 社会的認知度は株式会社より劣る",
      "text": "資本金1円",
      "verification_needed": true,
      "confidence": 0.8,
      "verification_result": {
        "status": "unknown",
        "confidence": 0.5,
        "sources": [],
        "last_checked": "2025-06-29T12:57:53.499913",
        "notes": "Amount not in known database"
      }
    },
    {
      "type": "numerical",
      "category": "money",
      "value": "1",
      "context": "継続サポート\n- 節税対策の提案\n\n**費用**\n- 設立手続き：5-15万円\n- 顧問料：月額2-5万円\n\n## 7. よくある失敗と対策\n\n### 7.1 資本金設定の失敗\n\n**失敗例**\n- 資本金1円で設立したが、取引先の信用を得られない\n- 消費税の免税期間を考慮せずに1000万円を超える資本金を設定\n\n**対策**\n- 業種・取引先に応じた適切な資本金額の設定\n- 税務上の影響を事前に検討",
      "text": "資本金1円",
      "verification_needed": true,
      "confidence": 0.8,
      "verification_result": {
        "status": "unknown",
        "confidence": 0.5,
        "sources": [],
        "last_checked": "2025-06-29T12:57:53.499915",
        "notes": "Amount not in known database"
      }
    },
    {
      "type": "numerical",
      "category": "period",
      "value": "2",
      "context": "確認\n- 登記申請書の提出\n- 登録免許税の納付（15万円または資本金の0.7%の高い方）\n\n## 4. 設立後の重要な手続き\n\n### 4.1 税務署への届出\n\n**法人設立届出書**\n- 設立から2ヶ月以内に提出\n- 定款のコピーを添付\n\n**青色申告の承認申請書**\n- 設立から3ヶ月以内に提出\n- 税制優遇を受けるために必須\n\n### 4.2 社会保険関係の手続き\n\n**健康保険・厚生年金保険**",
      "text": "2ヶ月以内",
      "verification_needed": true,
      "confidence": 0.9,
      "verification_result": {
        "status": "verified",
        "confidence": 0.9,
        "sources": [],
        "last_checked": "2025-06-29T12:57:53.499916",
        "notes": ""
      }
    },
    {
      "type": "numerical",
      "category": "period",
      "value": "3",
      "context": "方）\n\n## 4. 設立後の重要な手続き\n\n### 4.1 税務署への届出\n\n**法人設立届出書**\n- 設立から2ヶ月以内に提出\n- 定款のコピーを添付\n\n**青色申告の承認申請書**\n- 設立から3ヶ月以内に提出\n- 税制優遇を受けるために必須\n\n### 4.2 社会保険関係の手続き\n\n**健康保険・厚生年金保険**\n- 年金事務所での手続き\n- 代表者も加入義務あり\n\n**労働保険**\n- 従業員を雇",
      "text": "3ヶ月以内",
      "verification_needed": true,
      "confidence": 0.9,
      "verification_result": {
        "status": "verified",
        "confidence": 0.9,
        "sources": [],
        "last_checked": "2025-06-29T12:57:53.499918",
        "notes": ""
      }
    },
    {
      "type": "numerical",
      "category": "period",
      "value": "2",
      "context": "の開設\n\n**法人口座開設の準備**\n- 登記事項証明書の取得\n- 法人印鑑証明書の取得\n- 必要書類の整備\n\n**口座開設の審査**\n- 事業内容の説明\n- 資金使途の明確化\n- 審査期間は通常1-2週間\n\n## 5. 会社設立の費用\n\n### 5.1 株式会社設立の場合\n\n**必須費用**\n- 定款認証手数料：約5万円\n- 定款印紙代：4万円（電子定款なら0円）\n- 登録免許税：15万円\n- 印鑑作",
      "text": "2週間",
      "verification_needed": true,
      "confidence": 0.9,
      "verification_result": {
        "status": "verified",
        "confidence": 0.9,
        "sources": [],
        "last_checked": "2025-06-29T12:57:53.499919",
        "notes": ""
      }
    },
    {
      "type": "procedural",
      "category": "procedure",
      "value": "定款認証",
      "context": "を考慮\n\n### 3.2 定款の作成\n\n**定款の必須記載事項**\n- 商号\n- 目的\n- 本店所在地\n- 設立に際して出資される財産の価額またはその最低額\n- 発起人の氏名または名称及び住所\n\n**定款認証**\n- 公証役場での認証手続き\n- 電子定款の利用で印紙代4万円節約\n- 認証手数料：約5万円\n\n### 3.3 資本金の払込み\n\n**払込み手続き**\n- 発起人の個人口座への入金\n- 払込証明書",
      "text": "定款認証",
      "verification_needed": true,
      "confidence": 0.8,
      "verification_result": {
        "status": "verified",
        "confidence": 0.8,
        "sources": [
          "procedure_database"
        ],
        "last_checked": "2025-06-29T12:57:53.499921",
        "notes": "Procedural fact verified"
      }
    },
    {
      "type": "procedural",
      "category": "procedure",
      "value": "定款認証",
      "context": "類の整備\n\n**口座開設の審査**\n- 事業内容の説明\n- 資金使途の明確化\n- 審査期間は通常1-2週間\n\n## 5. 会社設立の費用\n\n### 5.1 株式会社設立の場合\n\n**必須費用**\n- 定款認証手数料：約5万円\n- 定款印紙代：4万円（電子定款なら0円）\n- 登録免許税：15万円\n- 印鑑作成費：1-3万円\n\n**合計：約25万円**（電子定款利用時は約21万円）\n\n### 5.2 合同会社",
      "text": "定款認証",
      "verification_needed": true,
      "confidence": 0.8,
      "verification_result": {
        "status": "verified",
        "confidence": 0.8,
        "sources": [
          "procedure_database"
        ],
        "last_checked": "2025-06-29T12:57:53.499923",
        "notes": "Procedural fact verified"
      }
    },
    {
      "type": "procedural",
      "category": "procedure",
      "value": "登記申請",
      "context": "### 3.3 資本金の払込み\n\n**払込み手続き**\n- 発起人の個人口座への入金\n- 払込証明書の作成\n- 通帳のコピー準備\n\n### 3.4 設立登記の申請\n\n**必要書類の準備**\n- 設立登記申請書\n- 定款\n- 取締役就任承諾書\n- 印鑑証明書\n- 払込証明書\n\n**法務局での手続き**\n- 管轄法務局の確認\n- 登記申請書の提出\n- 登録免許税の納付（15万円または資本金の0.7%の高い方",
      "text": "登記申請",
      "verification_needed": true,
      "confidence": 0.8,
      "verification_result": {
        "status": "verified",
        "confidence": 0.8,
        "sources": [
          "procedure_database"
        ],
        "last_checked": "2025-06-29T12:57:53.499925",
        "notes": "Procedural fact verified"
      }
    },
    {
      "type": "procedural",
      "category": "procedure",
      "value": "登記申請",
      "context": "### 3.4 設立登記の申請\n\n**必要書類の準備**\n- 設立登記申請書\n- 定款\n- 取締役就任承諾書\n- 印鑑証明書\n- 払込証明書\n\n**法務局での手続き**\n- 管轄法務局の確認\n- 登記申請書の提出\n- 登録免許税の納付（15万円または資本金の0.7%の高い方）\n\n## 4. 設立後の重要な手続き\n\n### 4.1 税務署への届出\n\n**法人設立届出書**\n- 設立から2ヶ月以内に提出",
      "text": "登記申請",
      "verification_needed": true,
      "confidence": 0.8,
      "verification_result": {
        "status": "verified",
        "confidence": 0.8,
        "sources": [
          "procedure_database"
        ],
        "last_checked": "2025-06-29T12:57:53.499926",
        "notes": "Procedural fact verified"
      }
    },
    {
      "type": "procedural",
      "category": "procedure",
      "value": "税務署への届出",
      "context": "込証明書\n\n**法務局での手続き**\n- 管轄法務局の確認\n- 登記申請書の提出\n- 登録免許税の納付（15万円または資本金の0.7%の高い方）\n\n## 4. 設立後の重要な手続き\n\n### 4.1 税務署への届出\n\n**法人設立届出書**\n- 設立から2ヶ月以内に提出\n- 定款のコピーを添付\n\n**青色申告の承認申請書**\n- 設立から3ヶ月以内に提出\n- 税制優遇を受けるために必須\n\n### 4.2 社会保",
      "text": "税務署への届出",
      "verification_needed": true,
      "confidence": 0.8,
      "verification_result": {
        "status": "verified",
        "confidence": 0.8,
        "sources": [
          "procedure_database"
        ],
        "last_checked": "2025-06-29T12:57:53.499930",
        "notes": "Procedural fact verified"
      }
    },
    {
      "type": "institutional",
      "category": "system",
      "value": "法人設立ワンストップサービス",
      "context": "### 9.1 電子定款の活用\n\n**メリット**\n- 印紙代4万円の節約\n- 手続きの効率化\n- 書類管理の簡素化\n\n### 9.2 オンライン手続きの拡大\n\n**現在利用可能なサービス**\n- 法人設立ワンストップサービス\n- 電子申請システム\n- オンライン相談サービス\n\n## 10. まとめ\n\n会社設立は複雑な手続きですが、適切な準備と専門家のサポートがあれば、スムーズに進めることができます。重要なのは以下の点です",
      "text": "法人設立ワンストップサービス",
      "verification_needed": true,
      "confidence": 0.9,
      "verification_result": {
        "status": "verified",
        "confidence": 0.9,
        "sources": [
          "institutional_database"
        ],
        "last_checked": "2025-06-29T12:57:53.499932",
        "notes": "Institutional fact verified"
      }
    },
    {
      "type": "institutional",
      "category": "system",
      "value": "電子定款",
      "context": "款の必須記載事項**\n- 商号\n- 目的\n- 本店所在地\n- 設立に際して出資される財産の価額またはその最低額\n- 発起人の氏名または名称及び住所\n\n**定款認証**\n- 公証役場での認証手続き\n- 電子定款の利用で印紙代4万円節約\n- 認証手数料：約5万円\n\n### 3.3 資本金の払込み\n\n**払込み手続き**\n- 発起人の個人口座への入金\n- 払込証明書の作成\n- 通帳のコピー準備\n\n### 3.4",
      "text": "電子定款",
      "verification_needed": true,
      "confidence": 0.9,
      "verification_result": {
        "status": "verified",
        "confidence": 0.9,
        "sources": [
          "institutional_database"
        ],
        "last_checked": "2025-06-29T12:57:53.499934",
        "notes": "Institutional fact verified"
      }
    },
    {
      "type": "institutional",
      "category": "system",
      "value": "電子定款",
      "context": "説明\n- 資金使途の明確化\n- 審査期間は通常1-2週間\n\n## 5. 会社設立の費用\n\n### 5.1 株式会社設立の場合\n\n**必須費用**\n- 定款認証手数料：約5万円\n- 定款印紙代：4万円（電子定款なら0円）\n- 登録免許税：15万円\n- 印鑑作成費：1-3万円\n\n**合計：約25万円**（電子定款利用時は約21万円）\n\n### 5.2 合同会社設立の場合\n\n**必須費用**\n- 定款印紙代：4",
      "text": "電子定款",
      "verification_needed": true,
      "confidence": 0.9,
      "verification_result": {
        "status": "verified",
        "confidence": 0.9,
        "sources": [
          "institutional_database"
        ],
        "last_checked": "2025-06-29T12:57:53.499936",
        "notes": "Institutional fact verified"
      }
    },
    {
      "type": "institutional",
      "category": "system",
      "value": "電子定款",
      "context": "1 株式会社設立の場合\n\n**必須費用**\n- 定款認証手数料：約5万円\n- 定款印紙代：4万円（電子定款なら0円）\n- 登録免許税：15万円\n- 印鑑作成費：1-3万円\n\n**合計：約25万円**（電子定款利用時は約21万円）\n\n### 5.2 合同会社設立の場合\n\n**必須費用**\n- 定款印紙代：4万円（電子定款なら0円）\n- 登録免許税：6万円\n- 印鑑作成費：1-3万円\n\n**合計：約11万円*",
      "text": "電子定款",
      "verification_needed": true,
      "confidence": 0.9,
      "verification_result": {
        "status": "verified",
        "confidence": 0.9,
        "sources": [
          "institutional_database"
        ],
        "last_checked": "2025-06-29T12:57:53.499937",
        "notes": "Institutional fact verified"
      }
    },
    {
      "type": "institutional",
      "category": "system",
      "value": "電子定款",
      "context": "円）\n- 登録免許税：15万円\n- 印鑑作成費：1-3万円\n\n**合計：約25万円**（電子定款利用時は約21万円）\n\n### 5.2 合同会社設立の場合\n\n**必須費用**\n- 定款印紙代：4万円（電子定款なら0円）\n- 登録免許税：6万円\n- 印鑑作成費：1-3万円\n\n**合計：約11万円**（電子定款利用時は約7万円）\n\n## 6. 専門家への依頼を検討すべきケース\n\n### 6.1 司法書士への依",
      "text": "電子定款",
      "verification_needed": true,
      "confidence": 0.9,
      "verification_result": {
        "status": "verified",
        "confidence": 0.9,
        "sources": [
          "institutional_database"
        ],
        "last_checked": "2025-06-29T12:57:53.499939",
        "notes": "Institutional fact verified"
      }
    },
    {
      "type": "institutional",
      "category": "system",
      "value": "電子定款",
      "context": "時は約21万円）\n\n### 5.2 合同会社設立の場合\n\n**必須費用**\n- 定款印紙代：4万円（電子定款なら0円）\n- 登録免許税：6万円\n- 印鑑作成費：1-3万円\n\n**合計：約11万円**（電子定款利用時は約7万円）\n\n## 6. 専門家への依頼を検討すべきケース\n\n### 6.1 司法書士への依頼\n\n**メリット**\n- 登記手続きの専門家\n- 確実な手続き実行\n- 時間の節約\n\n**費用**",
      "text": "電子定款",
      "verification_needed": true,
      "confidence": 0.9,
      "verification_result": {
        "status": "verified",
        "confidence": 0.9,
        "sources": [
          "institutional_database"
        ],
        "last_checked": "2025-06-29T12:57:53.499941",
        "notes": "Institutional fact verified"
      }
    },
    {
      "type": "institutional",
      "category": "system",
      "value": "電子定款",
      "context": "門家**\n- 税理士\n- 司法書士\n- 社会保険労務士\n- 弁護士\n\n**継続的な関係構築**\n- 定期的な相談\n- 情報共有\n- 早期対応\n\n## 9. デジタル化時代の会社設立\n\n### 9.1 電子定款の活用\n\n**メリット**\n- 印紙代4万円の節約\n- 手続きの効率化\n- 書類管理の簡素化\n\n### 9.2 オンライン手続きの拡大\n\n**現在利用可能なサービス**\n- 法人設立ワンストップサービ",
      "text": "電子定款",
      "verification_needed": true,
      "confidence": 0.9,
      "verification_result": {
        "status": "verified",
        "confidence": 0.9,
        "sources": [
          "institutional_database"
        ],
        "last_checked": "2025-06-29T12:57:53.499943",
        "notes": "Institutional fact verified"
      }
    },
    {
      "type": "institutional",
      "category": "system",
      "value": "青色申告",
      "context": "（15万円または資本金の0.7%の高い方）\n\n## 4. 設立後の重要な手続き\n\n### 4.1 税務署への届出\n\n**法人設立届出書**\n- 設立から2ヶ月以内に提出\n- 定款のコピーを添付\n\n**青色申告の承認申請書**\n- 設立から3ヶ月以内に提出\n- 税制優遇を受けるために必須\n\n### 4.2 社会保険関係の手続き\n\n**健康保険・厚生年金保険**\n- 年金事務所での手続き\n- 代表者も加入義務",
      "text": "青色申告",
      "verification_needed": true,
      "confidence": 0.9,
      "verification_result": {
        "status": "verified",
        "confidence": 0.9,
        "sources": [
          "institutional_database"
        ],
        "last_checked": "2025-06-29T12:57:53.499945",
        "notes": "Institutional fact verified"
      }
    }
  ],
  "recommendations": [
    "4件の情報が更新が必要です。最新の制度変更を確認してください。",
    "22件の情報が未検証です。追加の調査が必要です。"
  ]
}