{
  "metadata": {
    "check_date": "2025-06-30T10:44:36.923761",
    "content_hash": "900338af65f180ad0c7b45af419f3a67",
    "source_file": "/Users/chiaki/開発用/ブログ文章生成/会社設立ガイド.md",
    "total_facts_checked": 68,
    "fact_checker_version": "1.0.0"
  },
  "summary": {
    "verified_facts": 36,
    "needs_update": 5,
    "incorrect_facts": 0,
    "unknown_facts": 27,
    "overall_accuracy": 0.5294117647058824,
    "confidence_score": 0.7242647058823529
  },
  "detailed_results": [
    {
      "type": "numerical",
      "category": "money",
      "value": "10",
      "context": "以下の会社形態があります：\n\n**株式会社**\n- 最も一般的な会社形態\n- 資本金1円から設立可能\n- 株主の責任は有限\n- 信用度が高い\n\n**合同会社（LLC）**\n- 設立費用が安い（紙定款：10万円、電子定款：6万円）\n- 決算公告義務なし\n- 経営の自由度が高い\n- 社会的認知度は株式会社より劣る\n\n**合資会社・合名会社**\n- 現在はほとんど選択されない\n- 無限責任を負うリスクがある",
      "text": "10万円",
      "verification_needed": true,
      "confidence": 0.8,
      "verification_result": {
        "status": "unknown",
        "confidence": 0.5,
        "sources": [],
        "last_checked": "2025-06-30T10:44:36.923449",
        "notes": "Amount not in known database"
      }
    },
    {
      "type": "numerical",
      "category": "money",
      "value": "6",
      "context": "ます：\n\n**株式会社**\n- 最も一般的な会社形態\n- 資本金1円から設立可能\n- 株主の責任は有限\n- 信用度が高い\n\n**合同会社（LLC）**\n- 設立費用が安い（紙定款：10万円、電子定款：6万円）\n- 決算公告義務なし\n- 経営の自由度が高い\n- 社会的認知度は株式会社より劣る\n\n**合資会社・合名会社**\n- 現在はほとんど選択されない\n- 無限責任を負うリスクがある\n\n### 1.2 会",
      "text": "6万円",
      "verification_needed": true,
      "confidence": 0.8,
      "verification_result": {
        "status": "verified",
        "confidence": 0.95,
        "sources": [
          "internal_database"
        ],
        "last_checked": "2025-06-30T10:44:36.923457",
        "notes": "Known amount for 合同会社"
      }
    },
    {
      "type": "numerical",
      "category": "money",
      "value": "4",
      "context": "- 商号\n- 目的\n- 本店所在地\n- 設立に際して出資される財産の価額またはその最低額\n- 発起人の氏名または名称及び住所\n\n**定款認証**\n- 公証役場での認証手続き\n- 電子定款の利用で印紙代4万円節約\n- 認証手数料：\n  - 資本金100万円未満: 3万円\n  - 資本金100万円以上300万円未満: 4万円\n  - 資本金300万円以上: 5万円\n  - 特定条件下: 1.5万円（2024",
      "text": "4万円",
      "verification_needed": true,
      "confidence": 0.8,
      "verification_result": {
        "status": "verified",
        "confidence": 0.9,
        "sources": [
          "internal_database"
        ],
        "last_checked": "2025-06-30T10:44:36.923461",
        "notes": "Known amount for 印紙代"
      }
    },
    {
      "type": "numerical",
      "category": "money",
      "value": "100",
      "context": "に際して出資される財産の価額またはその最低額\n- 発起人の氏名または名称及び住所\n\n**定款認証**\n- 公証役場での認証手続き\n- 電子定款の利用で印紙代4万円節約\n- 認証手数料：\n  - 資本金100万円未満: 3万円\n  - 資本金100万円以上300万円未満: 4万円\n  - 資本金300万円以上: 5万円\n  - 特定条件下: 1.5万円（2024年12月1日〜）\n    - 発起人が全員自然人",
      "text": "100万円",
      "verification_needed": true,
      "confidence": 0.8,
      "verification_result": {
        "status": "unknown",
        "confidence": 0.5,
        "sources": [],
        "last_checked": "2025-06-30T10:44:36.923464",
        "notes": "Amount not in known database"
      }
    },
    {
      "type": "numerical",
      "category": "money",
      "value": "3",
      "context": "財産の価額またはその最低額\n- 発起人の氏名または名称及び住所\n\n**定款認証**\n- 公証役場での認証手続き\n- 電子定款の利用で印紙代4万円節約\n- 認証手数料：\n  - 資本金100万円未満: 3万円\n  - 資本金100万円以上300万円未満: 4万円\n  - 資本金300万円以上: 5万円\n  - 特定条件下: 1.5万円（2024年12月1日〜）\n    - 発起人が全員自然人（3名以下）",
      "text": "3万円",
      "verification_needed": true,
      "confidence": 0.8,
      "verification_result": {
        "status": "verified",
        "confidence": 0.95,
        "sources": [
          "internal_database"
        ],
        "last_checked": "2025-06-30T10:44:36.923467",
        "notes": "Known amount for 認証手数料"
      }
    },
    {
      "type": "numerical",
      "category": "money",
      "value": "100",
      "context": "低額\n- 発起人の氏名または名称及び住所\n\n**定款認証**\n- 公証役場での認証手続き\n- 電子定款の利用で印紙代4万円節約\n- 認証手数料：\n  - 資本金100万円未満: 3万円\n  - 資本金100万円以上300万円未満: 4万円\n  - 資本金300万円以上: 5万円\n  - 特定条件下: 1.5万円（2024年12月1日〜）\n    - 発起人が全員自然人（3名以下）\n    - 設立時発行株式",
      "text": "100万円",
      "verification_needed": true,
      "confidence": 0.8,
      "verification_result": {
        "status": "unknown",
        "confidence": 0.5,
        "sources": [],
        "last_checked": "2025-06-30T10:44:36.923469",
        "notes": "Amount not in known database"
      }
    },
    {
      "type": "numerical",
      "category": "money",
      "value": "300",
      "context": "人の氏名または名称及び住所\n\n**定款認証**\n- 公証役場での認証手続き\n- 電子定款の利用で印紙代4万円節約\n- 認証手数料：\n  - 資本金100万円未満: 3万円\n  - 資本金100万円以上300万円未満: 4万円\n  - 資本金300万円以上: 5万円\n  - 特定条件下: 1.5万円（2024年12月1日〜）\n    - 発起人が全員自然人（3名以下）\n    - 設立時発行株式の全てを発起人",
      "text": "300万円",
      "verification_needed": true,
      "confidence": 0.8,
      "verification_result": {
        "status": "unknown",
        "confidence": 0.5,
        "sources": [],
        "last_checked": "2025-06-30T10:44:36.923472",
        "notes": "Amount not in known database"
      }
    },
    {
      "type": "numerical",
      "category": "money",
      "value": "4",
      "context": "及び住所\n\n**定款認証**\n- 公証役場での認証手続き\n- 電子定款の利用で印紙代4万円節約\n- 認証手数料：\n  - 資本金100万円未満: 3万円\n  - 資本金100万円以上300万円未満: 4万円\n  - 資本金300万円以上: 5万円\n  - 特定条件下: 1.5万円（2024年12月1日〜）\n    - 発起人が全員自然人（3名以下）\n    - 設立時発行株式の全てを発起人が引受",
      "text": "4万円",
      "verification_needed": true,
      "confidence": 0.8,
      "verification_result": {
        "status": "verified",
        "confidence": 0.9,
        "sources": [
          "internal_database"
        ],
        "last_checked": "2025-06-30T10:44:36.923474",
        "notes": "Known amount for 印紙代"
      }
    },
    {
      "type": "numerical",
      "category": "money",
      "value": "300",
      "context": "証**\n- 公証役場での認証手続き\n- 電子定款の利用で印紙代4万円節約\n- 認証手数料：\n  - 資本金100万円未満: 3万円\n  - 資本金100万円以上300万円未満: 4万円\n  - 資本金300万円以上: 5万円\n  - 特定条件下: 1.5万円（2024年12月1日〜）\n    - 発起人が全員自然人（3名以下）\n    - 設立時発行株式の全てを発起人が引受\n    - 取締役会を設置しない",
      "text": "300万円",
      "verification_needed": true,
      "confidence": 0.8,
      "verification_result": {
        "status": "unknown",
        "confidence": 0.5,
        "sources": [],
        "last_checked": "2025-06-30T10:44:36.923476",
        "notes": "Amount not in known database"
      }
    },
    {
      "type": "numerical",
      "category": "money",
      "value": "5",
      "context": "場での認証手続き\n- 電子定款の利用で印紙代4万円節約\n- 認証手数料：\n  - 資本金100万円未満: 3万円\n  - 資本金100万円以上300万円未満: 4万円\n  - 資本金300万円以上: 5万円\n  - 特定条件下: 1.5万円（2024年12月1日〜）\n    - 発起人が全員自然人（3名以下）\n    - 設立時発行株式の全てを発起人が引受\n    - 取締役会を設置しない\n\n### 3",
      "text": "5万円",
      "verification_needed": true,
      "confidence": 0.8,
      "verification_result": {
        "status": "needs_update",
        "confidence": 0.7,
        "sources": [
          "internal_database"
        ],
        "last_checked": "2025-06-30T10:44:36.923479",
        "notes": "Known amount for 認証手数料"
      }
    },
    {
      "type": "numerical",
      "category": "money",
      "value": "5",
      "context": "用で印紙代4万円節約\n- 認証手数料：\n  - 資本金100万円未満: 3万円\n  - 資本金100万円以上300万円未満: 4万円\n  - 資本金300万円以上: 5万円\n  - 特定条件下: 1.5万円（2024年12月1日〜）\n    - 発起人が全員自然人（3名以下）\n    - 設立時発行株式の全てを発起人が引受\n    - 取締役会を設置しない\n\n### 3.3 資本金の払込み\n\n**払込み",
      "text": "5万円",
      "verification_needed": true,
      "confidence": 0.8,
      "verification_result": {
        "status": "needs_update",
        "confidence": 0.7,
        "sources": [
          "internal_database"
        ],
        "last_checked": "2025-06-30T10:44:36.923481",
        "notes": "Known amount for 認証手数料"
      }
    },
    {
      "type": "numerical",
      "category": "money",
      "value": "15",
      "context": "*必要書類の準備**\n- 設立登記申請書\n- 定款\n- 取締役就任承諾書\n- 印鑑証明書\n- 払込証明書\n\n**法務局での手続き**\n- 管轄法務局の確認\n- 登記申請書の提出\n- 登録免許税の納付（15万円または資本金の0.7%の高い方）\n\n## 4. 設立後の重要な手続き\n\n### 4.1 税務署への届出\n\n**法人設立届出書**\n- 設立から2ヶ月以内に提出\n- 定款のコピーを添付\n\n**青色申告の",
      "text": "15万円",
      "verification_needed": true,
      "confidence": 0.8,
      "verification_result": {
        "status": "verified",
        "confidence": 0.95,
        "sources": [
          "internal_database"
        ],
        "last_checked": "2025-06-30T10:44:36.923484",
        "notes": "Known amount for 登録免許税"
      }
    },
    {
      "type": "numerical",
      "category": "money",
      "value": "5",
      "context": "開設の審査**\n- 事業内容の説明\n- 資金使途の明確化\n- 審査期間は通常1-2週間\n\n## 5. 会社設立の費用\n\n### 5.1 株式会社設立の場合\n\n**必須費用**\n- 定款認証手数料：3-5万円（資本金額により変動）\n- 定款印紙代：4万円（電子定款なら0円）\n- 登録免許税：15万円（減税制度利用で7.5万円）\n- 印鑑作成費：1-3万円\n\n**合計：20-24万円**\n（電子定款利用時：",
      "text": "5万円",
      "verification_needed": true,
      "confidence": 0.8,
      "verification_result": {
        "status": "needs_update",
        "confidence": 0.7,
        "sources": [
          "internal_database"
        ],
        "last_checked": "2025-06-30T10:44:36.923486",
        "notes": "Known amount for 認証手数料"
      }
    },
    {
      "type": "numerical",
      "category": "money",
      "value": "4",
      "context": "途の明確化\n- 審査期間は通常1-2週間\n\n## 5. 会社設立の費用\n\n### 5.1 株式会社設立の場合\n\n**必須費用**\n- 定款認証手数料：3-5万円（資本金額により変動）\n- 定款印紙代：4万円（電子定款なら0円）\n- 登録免許税：15万円（減税制度利用で7.5万円）\n- 印鑑作成費：1-3万円\n\n**合計：20-24万円**\n（電子定款利用時：16-20万円、特定条件併用時：約16.5万円",
      "text": "4万円",
      "verification_needed": true,
      "confidence": 0.8,
      "verification_result": {
        "status": "verified",
        "confidence": 0.9,
        "sources": [
          "internal_database"
        ],
        "last_checked": "2025-06-30T10:44:36.923489",
        "notes": "Known amount for 印紙代"
      }
    },
    {
      "type": "numerical",
      "category": "money",
      "value": "15",
      "context": "## 5. 会社設立の費用\n\n### 5.1 株式会社設立の場合\n\n**必須費用**\n- 定款認証手数料：3-5万円（資本金額により変動）\n- 定款印紙代：4万円（電子定款なら0円）\n- 登録免許税：15万円（減税制度利用で7.5万円）\n- 印鑑作成費：1-3万円\n\n**合計：20-24万円**\n（電子定款利用時：16-20万円、特定条件併用時：約16.5万円、減税制度併用時：約9万円）\n\n### 5.2",
      "text": "15万円",
      "verification_needed": true,
      "confidence": 0.8,
      "verification_result": {
        "status": "verified",
        "confidence": 0.95,
        "sources": [
          "internal_database"
        ],
        "last_checked": "2025-06-30T10:44:36.923520",
        "notes": "Known amount for 登録免許税"
      }
    },
    {
      "type": "numerical",
      "category": "money",
      "value": "5",
      "context": "### 5.1 株式会社設立の場合\n\n**必須費用**\n- 定款認証手数料：3-5万円（資本金額により変動）\n- 定款印紙代：4万円（電子定款なら0円）\n- 登録免許税：15万円（減税制度利用で7.5万円）\n- 印鑑作成費：1-3万円\n\n**合計：20-24万円**\n（電子定款利用時：16-20万円、特定条件併用時：約16.5万円、減税制度併用時：約9万円）\n\n### 5.2 合同会社設立の場合\n\n*",
      "text": "5万円",
      "verification_needed": true,
      "confidence": 0.8,
      "verification_result": {
        "status": "needs_update",
        "confidence": 0.7,
        "sources": [
          "internal_database"
        ],
        "last_checked": "2025-06-30T10:44:36.923524",
        "notes": "Known amount for 認証手数料"
      }
    },
    {
      "type": "numerical",
      "category": "money",
      "value": "3",
      "context": "の場合\n\n**必須費用**\n- 定款認証手数料：3-5万円（資本金額により変動）\n- 定款印紙代：4万円（電子定款なら0円）\n- 登録免許税：15万円（減税制度利用で7.5万円）\n- 印鑑作成費：1-3万円\n\n**合計：20-24万円**\n（電子定款利用時：16-20万円、特定条件併用時：約16.5万円、減税制度併用時：約9万円）\n\n### 5.2 合同会社設立の場合\n\n**必須費用**\n- 定款印紙代",
      "text": "3万円",
      "verification_needed": true,
      "confidence": 0.8,
      "verification_result": {
        "status": "verified",
        "confidence": 0.95,
        "sources": [
          "internal_database"
        ],
        "last_checked": "2025-06-30T10:44:36.923543",
        "notes": "Known amount for 認証手数料"
      }
    },
    {
      "type": "numerical",
      "category": "money",
      "value": "24",
      "context": "- 定款認証手数料：3-5万円（資本金額により変動）\n- 定款印紙代：4万円（電子定款なら0円）\n- 登録免許税：15万円（減税制度利用で7.5万円）\n- 印鑑作成費：1-3万円\n\n**合計：20-24万円**\n（電子定款利用時：16-20万円、特定条件併用時：約16.5万円、減税制度併用時：約9万円）\n\n### 5.2 合同会社設立の場合\n\n**必須費用**\n- 定款印紙代：4万円（電子定款なら0円）",
      "text": "24万円",
      "verification_needed": true,
      "confidence": 0.8,
      "verification_result": {
        "status": "unknown",
        "confidence": 0.5,
        "sources": [],
        "last_checked": "2025-06-30T10:44:36.923547",
        "notes": "Amount not in known database"
      }
    },
    {
      "type": "numerical",
      "category": "money",
      "value": "20",
      "context": "金額により変動）\n- 定款印紙代：4万円（電子定款なら0円）\n- 登録免許税：15万円（減税制度利用で7.5万円）\n- 印鑑作成費：1-3万円\n\n**合計：20-24万円**\n（電子定款利用時：16-20万円、特定条件併用時：約16.5万円、減税制度併用時：約9万円）\n\n### 5.2 合同会社設立の場合\n\n**必須費用**\n- 定款印紙代：4万円（電子定款なら0円）\n- 登録免許税：6万円（減税制度利用",
      "text": "20万円",
      "verification_needed": true,
      "confidence": 0.8,
      "verification_result": {
        "status": "unknown",
        "confidence": 0.5,
        "sources": [],
        "last_checked": "2025-06-30T10:44:36.923549",
        "notes": "Amount not in known database"
      }
    },
    {
      "type": "numerical",
      "category": "money",
      "value": "5",
      "context": "4万円（電子定款なら0円）\n- 登録免許税：15万円（減税制度利用で7.5万円）\n- 印鑑作成費：1-3万円\n\n**合計：20-24万円**\n（電子定款利用時：16-20万円、特定条件併用時：約16.5万円、減税制度併用時：約9万円）\n\n### 5.2 合同会社設立の場合\n\n**必須費用**\n- 定款印紙代：4万円（電子定款なら0円）\n- 登録免許税：6万円（減税制度利用で3万円）\n- 印鑑作成費：1-",
      "text": "5万円",
      "verification_needed": true,
      "confidence": 0.8,
      "verification_result": {
        "status": "unknown",
        "confidence": 0.5,
        "sources": [],
        "last_checked": "2025-06-30T10:44:36.923552",
        "notes": "Amount not in known database"
      }
    },
    {
      "type": "numerical",
      "category": "money",
      "value": "9",
      "context": "- 登録免許税：15万円（減税制度利用で7.5万円）\n- 印鑑作成費：1-3万円\n\n**合計：20-24万円**\n（電子定款利用時：16-20万円、特定条件併用時：約16.5万円、減税制度併用時：約9万円）\n\n### 5.2 合同会社設立の場合\n\n**必須費用**\n- 定款印紙代：4万円（電子定款なら0円）\n- 登録免許税：6万円（減税制度利用で3万円）\n- 印鑑作成費：1-3万円\n\n**合計：10万",
      "text": "9万円",
      "verification_needed": true,
      "confidence": 0.8,
      "verification_result": {
        "status": "unknown",
        "confidence": 0.5,
        "sources": [],
        "last_checked": "2025-06-30T10:44:36.923554",
        "notes": "Amount not in known database"
      }
    },
    {
      "type": "numerical",
      "category": "money",
      "value": "4",
      "context": "**合計：20-24万円**\n（電子定款利用時：16-20万円、特定条件併用時：約16.5万円、減税制度併用時：約9万円）\n\n### 5.2 合同会社設立の場合\n\n**必須費用**\n- 定款印紙代：4万円（電子定款なら0円）\n- 登録免許税：6万円（減税制度利用で3万円）\n- 印鑑作成費：1-3万円\n\n**合計：10万円**\n（電子定款利用時：6万円、減税制度併用時：3万円）\n\n## 6. 専門家への",
      "text": "4万円",
      "verification_needed": true,
      "confidence": 0.8,
      "verification_result": {
        "status": "verified",
        "confidence": 0.9,
        "sources": [
          "internal_database"
        ],
        "last_checked": "2025-06-30T10:44:36.923556",
        "notes": "Known amount for 印紙代"
      }
    },
    {
      "type": "numerical",
      "category": "money",
      "value": "6",
      "context": "用時：16-20万円、特定条件併用時：約16.5万円、減税制度併用時：約9万円）\n\n### 5.2 合同会社設立の場合\n\n**必須費用**\n- 定款印紙代：4万円（電子定款なら0円）\n- 登録免許税：6万円（減税制度利用で3万円）\n- 印鑑作成費：1-3万円\n\n**合計：10万円**\n（電子定款利用時：6万円、減税制度併用時：3万円）\n\n## 6. 専門家への依頼を検討すべきケース\n\n### 6.1 司",
      "text": "6万円",
      "verification_needed": true,
      "confidence": 0.8,
      "verification_result": {
        "status": "verified",
        "confidence": 0.95,
        "sources": [
          "internal_database"
        ],
        "last_checked": "2025-06-30T10:44:36.923559",
        "notes": "Known amount for 合同会社"
      }
    },
    {
      "type": "numerical",
      "category": "money",
      "value": "3",
      "context": "特定条件併用時：約16.5万円、減税制度併用時：約9万円）\n\n### 5.2 合同会社設立の場合\n\n**必須費用**\n- 定款印紙代：4万円（電子定款なら0円）\n- 登録免許税：6万円（減税制度利用で3万円）\n- 印鑑作成費：1-3万円\n\n**合計：10万円**\n（電子定款利用時：6万円、減税制度併用時：3万円）\n\n## 6. 専門家への依頼を検討すべきケース\n\n### 6.1 司法書士への依頼\n\n**",
      "text": "3万円",
      "verification_needed": true,
      "confidence": 0.8,
      "verification_result": {
        "status": "unknown",
        "confidence": 0.5,
        "sources": [],
        "last_checked": "2025-06-30T10:44:36.923562",
        "notes": "Amount not in known database"
      }
    },
    {
      "type": "numerical",
      "category": "money",
      "value": "3",
      "context": "、減税制度併用時：約9万円）\n\n### 5.2 合同会社設立の場合\n\n**必須費用**\n- 定款印紙代：4万円（電子定款なら0円）\n- 登録免許税：6万円（減税制度利用で3万円）\n- 印鑑作成費：1-3万円\n\n**合計：10万円**\n（電子定款利用時：6万円、減税制度併用時：3万円）\n\n## 6. 専門家への依頼を検討すべきケース\n\n### 6.1 司法書士への依頼\n\n**メリット**\n- 登記手続きの",
      "text": "3万円",
      "verification_needed": true,
      "confidence": 0.8,
      "verification_result": {
        "status": "unknown",
        "confidence": 0.5,
        "sources": [],
        "last_checked": "2025-06-30T10:44:36.923564",
        "notes": "Amount not in known database"
      }
    },
    {
      "type": "numerical",
      "category": "money",
      "value": "10",
      "context": "9万円）\n\n### 5.2 合同会社設立の場合\n\n**必須費用**\n- 定款印紙代：4万円（電子定款なら0円）\n- 登録免許税：6万円（減税制度利用で3万円）\n- 印鑑作成費：1-3万円\n\n**合計：10万円**\n（電子定款利用時：6万円、減税制度併用時：3万円）\n\n## 6. 専門家への依頼を検討すべきケース\n\n### 6.1 司法書士への依頼\n\n**メリット**\n- 登記手続きの専門家\n- 確実な手続",
      "text": "10万円",
      "verification_needed": true,
      "confidence": 0.8,
      "verification_result": {
        "status": "unknown",
        "confidence": 0.5,
        "sources": [],
        "last_checked": "2025-06-30T10:44:36.923567",
        "notes": "Amount not in known database"
      }
    },
    {
      "type": "numerical",
      "category": "money",
      "value": "6",
      "context": "会社設立の場合\n\n**必須費用**\n- 定款印紙代：4万円（電子定款なら0円）\n- 登録免許税：6万円（減税制度利用で3万円）\n- 印鑑作成費：1-3万円\n\n**合計：10万円**\n（電子定款利用時：6万円、減税制度併用時：3万円）\n\n## 6. 専門家への依頼を検討すべきケース\n\n### 6.1 司法書士への依頼\n\n**メリット**\n- 登記手続きの専門家\n- 確実な手続き実行\n- 時間の節約\n\n**",
      "text": "6万円",
      "verification_needed": true,
      "confidence": 0.8,
      "verification_result": {
        "status": "unknown",
        "confidence": 0.5,
        "sources": [],
        "last_checked": "2025-06-30T10:44:36.923569",
        "notes": "Amount not in known database"
      }
    },
    {
      "type": "numerical",
      "category": "money",
      "value": "3",
      "context": "須費用**\n- 定款印紙代：4万円（電子定款なら0円）\n- 登録免許税：6万円（減税制度利用で3万円）\n- 印鑑作成費：1-3万円\n\n**合計：10万円**\n（電子定款利用時：6万円、減税制度併用時：3万円）\n\n## 6. 専門家への依頼を検討すべきケース\n\n### 6.1 司法書士への依頼\n\n**メリット**\n- 登記手続きの専門家\n- 確実な手続き実行\n- 時間の節約\n\n**費用**\n- 10-20",
      "text": "3万円",
      "verification_needed": true,
      "confidence": 0.8,
      "verification_result": {
        "status": "unknown",
        "confidence": 0.5,
        "sources": [],
        "last_checked": "2025-06-30T10:44:36.923572",
        "notes": "Amount not in known database"
      }
    },
    {
      "type": "numerical",
      "category": "money",
      "value": "20",
      "context": "万円）\n\n## 6. 専門家への依頼を検討すべきケース\n\n### 6.1 司法書士への依頼\n\n**メリット**\n- 登記手続きの専門家\n- 確実な手続き実行\n- 時間の節約\n\n**費用**\n- 10-20万円程度の報酬\n\n### 6.2 税理士への依頼\n\n**メリット**\n- 税務面でのアドバイス\n- 設立後の継続サポート\n- 節税対策の提案\n\n**費用**\n- 設立手続き：5-15万円\n- 顧問料：月額",
      "text": "20万円",
      "verification_needed": true,
      "confidence": 0.8,
      "verification_result": {
        "status": "unknown",
        "confidence": 0.5,
        "sources": [],
        "last_checked": "2025-06-30T10:44:36.923574",
        "notes": "Amount not in known database"
      }
    },
    {
      "type": "numerical",
      "category": "money",
      "value": "15",
      "context": "用**\n- 10-20万円程度の報酬\n\n### 6.2 税理士への依頼\n\n**メリット**\n- 税務面でのアドバイス\n- 設立後の継続サポート\n- 節税対策の提案\n\n**費用**\n- 設立手続き：5-15万円\n- 顧問料：月額2-5万円\n\n### 6.3 登録免許税の減税制度\n\n**特定創業支援等事業の活用**\n- 市町村の創業支援プログラム受講で登録免許税が半額に\n- 申請から認定まで1-2ヶ月必要\n-",
      "text": "15万円",
      "verification_needed": true,
      "confidence": 0.8,
      "verification_result": {
        "status": "verified",
        "confidence": 0.95,
        "sources": [
          "internal_database"
        ],
        "last_checked": "2025-06-30T10:44:36.923577",
        "notes": "Known amount for 登録免許税"
      }
    },
    {
      "type": "numerical",
      "category": "money",
      "value": "5",
      "context": "の報酬\n\n### 6.2 税理士への依頼\n\n**メリット**\n- 税務面でのアドバイス\n- 設立後の継続サポート\n- 節税対策の提案\n\n**費用**\n- 設立手続き：5-15万円\n- 顧問料：月額2-5万円\n\n### 6.3 登録免許税の減税制度\n\n**特定創業支援等事業の活用**\n- 市町村の創業支援プログラム受講で登録免許税が半額に\n- 申請から認定まで1-2ヶ月必要\n- 株式会社：15万円→7.5",
      "text": "5万円",
      "verification_needed": true,
      "confidence": 0.8,
      "verification_result": {
        "status": "unknown",
        "confidence": 0.5,
        "sources": [],
        "last_checked": "2025-06-30T10:44:36.923579",
        "notes": "Amount not in known database"
      }
    },
    {
      "type": "numerical",
      "category": "money",
      "value": "15",
      "context": "：月額2-5万円\n\n### 6.3 登録免許税の減税制度\n\n**特定創業支援等事業の活用**\n- 市町村の創業支援プログラム受講で登録免許税が半額に\n- 申請から認定まで1-2ヶ月必要\n- 株式会社：15万円→7.5万円\n- 合同会社：6万円→3万円\n\n**適用条件**\n- 市町村が実施する創業支援等事業を受けること\n- 経営・財務・人材育成・販路開拓の知識習得が必要\n- 1ヶ月以上かつ4回以上の支援を受",
      "text": "15万円",
      "verification_needed": true,
      "confidence": 0.8,
      "verification_result": {
        "status": "verified",
        "confidence": 0.95,
        "sources": [
          "internal_database"
        ],
        "last_checked": "2025-06-30T10:44:36.923581",
        "notes": "Known amount for 登録免許税"
      }
    },
    {
      "type": "numerical",
      "category": "money",
      "value": "5",
      "context": "円\n\n### 6.3 登録免許税の減税制度\n\n**特定創業支援等事業の活用**\n- 市町村の創業支援プログラム受講で登録免許税が半額に\n- 申請から認定まで1-2ヶ月必要\n- 株式会社：15万円→7.5万円\n- 合同会社：6万円→3万円\n\n**適用条件**\n- 市町村が実施する創業支援等事業を受けること\n- 経営・財務・人材育成・販路開拓の知識習得が必要\n- 1ヶ月以上かつ4回以上の支援を受けること",
      "text": "5万円",
      "verification_needed": true,
      "confidence": 0.8,
      "verification_result": {
        "status": "unknown",
        "confidence": 0.5,
        "sources": [],
        "last_checked": "2025-06-30T10:44:36.923584",
        "notes": "Amount not in known database"
      }
    },
    {
      "type": "numerical",
      "category": "money",
      "value": "6",
      "context": "登録免許税の減税制度\n\n**特定創業支援等事業の活用**\n- 市町村の創業支援プログラム受講で登録免許税が半額に\n- 申請から認定まで1-2ヶ月必要\n- 株式会社：15万円→7.5万円\n- 合同会社：6万円→3万円\n\n**適用条件**\n- 市町村が実施する創業支援等事業を受けること\n- 経営・財務・人材育成・販路開拓の知識習得が必要\n- 1ヶ月以上かつ4回以上の支援を受けること\n\n**申請手順**\n1.",
      "text": "6万円",
      "verification_needed": true,
      "confidence": 0.8,
      "verification_result": {
        "status": "verified",
        "confidence": 0.95,
        "sources": [
          "internal_database"
        ],
        "last_checked": "2025-06-30T10:44:36.923586",
        "notes": "Known amount for 合同会社"
      }
    },
    {
      "type": "numerical",
      "category": "money",
      "value": "3",
      "context": "税の減税制度\n\n**特定創業支援等事業の活用**\n- 市町村の創業支援プログラム受講で登録免許税が半額に\n- 申請から認定まで1-2ヶ月必要\n- 株式会社：15万円→7.5万円\n- 合同会社：6万円→3万円\n\n**適用条件**\n- 市町村が実施する創業支援等事業を受けること\n- 経営・財務・人材育成・販路開拓の知識習得が必要\n- 1ヶ月以上かつ4回以上の支援を受けること\n\n**申請手順**\n1. 居住地",
      "text": "3万円",
      "verification_needed": true,
      "confidence": 0.8,
      "verification_result": {
        "status": "unknown",
        "confidence": 0.5,
        "sources": [],
        "last_checked": "2025-06-30T10:44:36.923588",
        "notes": "Amount not in known database"
      }
    },
    {
      "type": "numerical",
      "category": "money",
      "value": "1000",
      "context": "設立登記時に証明書を提出\n\n## 7. よくある失敗と対策\n\n### 7.1 資本金設定の失敗\n\n**失敗例**\n- 資本金1円で設立したが、取引先の信用を得られない\n- 消費税の免税期間を考慮せずに1000万円を超える資本金を設定\n- インボイス制度（2023年10月〜）の適格請求書発行事業者登録で免税適用外になるリスクを見落とし\n\n**対策**\n- 業種・取引先に応じた適切な資本金額の設定\n- 税務上の影",
      "text": "1000万円",
      "verification_needed": true,
      "confidence": 0.8,
      "verification_result": {
        "status": "unknown",
        "confidence": 0.5,
        "sources": [],
        "last_checked": "2025-06-30T10:44:36.923591",
        "notes": "Amount not in known database"
      }
    },
    {
      "type": "numerical",
      "category": "money",
      "value": "4",
      "context": "険労務士\n- 弁護士\n\n**継続的な関係構築**\n- 定期的な相談\n- 情報共有\n- 早期対応\n\n## 9. デジタル化時代の会社設立\n\n### 9.1 電子定款の活用\n\n**メリット**\n- 印紙代4万円の節約\n- 手続きの効率化\n- 書類管理の簡素化\n\n### 9.2 オンライン手続きの拡大\n\n**現在利用可能なサービス**\n- 法人設立ワンストップサービス\n- 電子申請システム\n- オンライン相談",
      "text": "4万円",
      "verification_needed": true,
      "confidence": 0.8,
      "verification_result": {
        "status": "verified",
        "confidence": 0.9,
        "sources": [
          "internal_database"
        ],
        "last_checked": "2025-06-30T10:44:36.923622",
        "notes": "Known amount for 印紙代"
      }
    },
    {
      "type": "numerical",
      "category": "money",
      "value": "5",
      "context": "トップサービス\n- 電子申請システム\n- オンライン相談サービス\n\n### 9.3 2024年の制度変更\n\n**定款認証手数料の更なる減額**\n- 2024年12月1日から、特定条件を満たす場合に1.5万円への減額が可能\n- 適用条件：\n  - 発起人が全て自然人（3名以下）\n  - 発起人が設立時発行株式の全てを引き受け\n  - 取締役会を設置しない\n\n**デジタル化の推進**\n- 電子定款の普及促進",
      "text": "5万円",
      "verification_needed": true,
      "confidence": 0.8,
      "verification_result": {
        "status": "needs_update",
        "confidence": 0.7,
        "sources": [
          "internal_database"
        ],
        "last_checked": "2025-06-30T10:44:36.923626",
        "notes": "Known amount for 認証手数料"
      }
    },
    {
      "type": "numerical",
      "category": "money",
      "value": "1",
      "context": "トまでを詳しく解説します。\n\n## 1. 会社設立の基礎知識\n\n### 1.1 会社の種類とその特徴\n\n日本では主に以下の会社形態があります：\n\n**株式会社**\n- 最も一般的な会社形態\n- 資本金1円から設立可能\n- 株主の責任は有限\n- 信用度が高い\n\n**合同会社（LLC）**\n- 設立費用が安い（紙定款：10万円、電子定款：6万円）\n- 決算公告義務なし\n- 経営の自由度が高い\n- 社会的認",
      "text": "1円",
      "verification_needed": true,
      "confidence": 0.8,
      "verification_result": {
        "status": "unknown",
        "confidence": 0.5,
        "sources": [],
        "last_checked": "2025-06-30T10:44:36.923628",
        "notes": "Amount not in known database"
      }
    },
    {
      "type": "numerical",
      "category": "money",
      "value": "1",
      "context": "不可\n- 使用できない文字や記号に注意\n- 商標権の確認\n\n**本店所在地の決定**\n- 自宅での登記も可能\n- バーチャルオフィスの利用\n- 将来の移転可能性を考慮\n\n**資本金の決定**\n- 最低1円から設立可能\n- 業種による許認可要件を確認\n- 税務上の影響を考慮\n\n### 3.2 定款の作成\n\n**定款の必須記載事項**\n- 商号\n- 目的\n- 本店所在地\n- 設立に際して出資される財産の価",
      "text": "1円",
      "verification_needed": true,
      "confidence": 0.8,
      "verification_result": {
        "status": "unknown",
        "confidence": 0.5,
        "sources": [],
        "last_checked": "2025-06-30T10:44:36.923650",
        "notes": "Amount not in known database"
      }
    },
    {
      "type": "numerical",
      "category": "money",
      "value": "0",
      "context": "期間は通常1-2週間\n\n## 5. 会社設立の費用\n\n### 5.1 株式会社設立の場合\n\n**必須費用**\n- 定款認証手数料：3-5万円（資本金額により変動）\n- 定款印紙代：4万円（電子定款なら0円）\n- 登録免許税：15万円（減税制度利用で7.5万円）\n- 印鑑作成費：1-3万円\n\n**合計：20-24万円**\n（電子定款利用時：16-20万円、特定条件併用時：約16.5万円、減税制度併用時：",
      "text": "0円",
      "verification_needed": true,
      "confidence": 0.8,
      "verification_result": {
        "status": "unknown",
        "confidence": 0.5,
        "sources": [],
        "last_checked": "2025-06-30T10:44:36.923652",
        "notes": "Amount not in known database"
      }
    },
    {
      "type": "numerical",
      "category": "money",
      "value": "0",
      "context": "4万円**\n（電子定款利用時：16-20万円、特定条件併用時：約16.5万円、減税制度併用時：約9万円）\n\n### 5.2 合同会社設立の場合\n\n**必須費用**\n- 定款印紙代：4万円（電子定款なら0円）\n- 登録免許税：6万円（減税制度利用で3万円）\n- 印鑑作成費：1-3万円\n\n**合計：10万円**\n（電子定款利用時：6万円、減税制度併用時：3万円）\n\n## 6. 専門家への依頼を検討すべきケ",
      "text": "0円",
      "verification_needed": true,
      "confidence": 0.8,
      "verification_result": {
        "status": "unknown",
        "confidence": 0.5,
        "sources": [],
        "last_checked": "2025-06-30T10:44:36.923655",
        "notes": "Amount not in known database"
      }
    },
    {
      "type": "numerical",
      "category": "money",
      "value": "1",
      "context": "等事業を受講\n3. 市町村から「特定創業支援等事業証明書」を取得\n4. 会社設立登記時に証明書を提出\n\n## 7. よくある失敗と対策\n\n### 7.1 資本金設定の失敗\n\n**失敗例**\n- 資本金1円で設立したが、取引先の信用を得られない\n- 消費税の免税期間を考慮せずに1000万円を超える資本金を設定\n- インボイス制度（2023年10月〜）の適格請求書発行事業者登録で免税適用外になるリスクを見",
      "text": "1円",
      "verification_needed": true,
      "confidence": 0.8,
      "verification_result": {
        "status": "unknown",
        "confidence": 0.5,
        "sources": [],
        "last_checked": "2025-06-30T10:44:36.923657",
        "notes": "Amount not in known database"
      }
    },
    {
      "type": "numerical",
      "category": "money",
      "value": "9",
      "context": "）\n- 登録免許税：15万円（減税制度利用で7.5万円）\n- 印鑑作成費：1-3万円\n\n**合計：20-24万円**\n（電子定款利用時：16-20万円、特定条件併用時：約16.5万円、減税制度併用時：約9万円）\n\n### 5.2 合同会社設立の場合\n\n**必須費用**\n- 定款印紙代：4万円（電子定款なら0円）\n- 登録免許税：6万円（減税制度利用で3万円）\n- 印鑑作成費：1-3万円\n\n**合計：10万",
      "text": "約9万円",
      "verification_needed": true,
      "confidence": 0.8,
      "verification_result": {
        "status": "unknown",
        "confidence": 0.5,
        "sources": [],
        "last_checked": "2025-06-30T10:44:36.923659",
        "notes": "Amount not in known database"
      }
    },
    {
      "type": "numerical",
      "category": "money",
      "value": "1",
      "context": "ポイントまでを詳しく解説します。\n\n## 1. 会社設立の基礎知識\n\n### 1.1 会社の種類とその特徴\n\n日本では主に以下の会社形態があります：\n\n**株式会社**\n- 最も一般的な会社形態\n- 資本金1円から設立可能\n- 株主の責任は有限\n- 信用度が高い\n\n**合同会社（LLC）**\n- 設立費用が安い（紙定款：10万円、電子定款：6万円）\n- 決算公告義務なし\n- 経営の自由度が高い\n- 社会的認",
      "text": "資本金1円",
      "verification_needed": true,
      "confidence": 0.8,
      "verification_result": {
        "status": "unknown",
        "confidence": 0.5,
        "sources": [],
        "last_checked": "2025-06-30T10:44:36.923661",
        "notes": "Amount not in known database"
      }
    },
    {
      "type": "numerical",
      "category": "money",
      "value": "1",
      "context": "業支援等事業を受講\n3. 市町村から「特定創業支援等事業証明書」を取得\n4. 会社設立登記時に証明書を提出\n\n## 7. よくある失敗と対策\n\n### 7.1 資本金設定の失敗\n\n**失敗例**\n- 資本金1円で設立したが、取引先の信用を得られない\n- 消費税の免税期間を考慮せずに1000万円を超える資本金を設定\n- インボイス制度（2023年10月〜）の適格請求書発行事業者登録で免税適用外になるリスクを見",
      "text": "資本金1円",
      "verification_needed": true,
      "confidence": 0.8,
      "verification_result": {
        "status": "unknown",
        "confidence": 0.5,
        "sources": [],
        "last_checked": "2025-06-30T10:44:36.923664",
        "notes": "Amount not in known database"
      }
    },
    {
      "type": "numerical",
      "category": "period",
      "value": "2",
      "context": "確認\n- 登記申請書の提出\n- 登録免許税の納付（15万円または資本金の0.7%の高い方）\n\n## 4. 設立後の重要な手続き\n\n### 4.1 税務署への届出\n\n**法人設立届出書**\n- 設立から2ヶ月以内に提出\n- 定款のコピーを添付\n\n**青色申告の承認申請書**\n- 設立から3ヶ月以内に提出\n- 税制優遇を受けるために必須\n\n### 4.2 社会保険関係の手続き\n\n**健康保険・厚生年金保険**",
      "text": "2ヶ月以内",
      "verification_needed": true,
      "confidence": 0.9,
      "verification_result": {
        "status": "verified",
        "confidence": 0.9,
        "sources": [],
        "last_checked": "2025-06-30T10:44:36.923665",
        "notes": ""
      }
    },
    {
      "type": "numerical",
      "category": "period",
      "value": "3",
      "context": "方）\n\n## 4. 設立後の重要な手続き\n\n### 4.1 税務署への届出\n\n**法人設立届出書**\n- 設立から2ヶ月以内に提出\n- 定款のコピーを添付\n\n**青色申告の承認申請書**\n- 設立から3ヶ月以内に提出\n- 税制優遇を受けるために必須\n\n### 4.2 社会保険関係の手続き\n\n**健康保険・厚生年金保険**\n- 年金事務所での手続き（設立日から5日以内）\n- 代表者の加入義務：役員報酬支給時の",
      "text": "3ヶ月以内",
      "verification_needed": true,
      "confidence": 0.9,
      "verification_result": {
        "status": "verified",
        "confidence": 0.9,
        "sources": [],
        "last_checked": "2025-06-30T10:44:36.923666",
        "notes": ""
      }
    },
    {
      "type": "numerical",
      "category": "period",
      "value": "5",
      "context": "*青色申告の承認申請書**\n- 設立から3ヶ月以内に提出\n- 税制優遇を受けるために必須\n\n### 4.2 社会保険関係の手続き\n\n**健康保険・厚生年金保険**\n- 年金事務所での手続き（設立日から5日以内）\n- 代表者の加入義務：役員報酬支給時のみ\n- 役員報酬なしの場合：加入義務なし\n\n**労働保険**\n- 従業員を雇用する場合\n- 労働基準監督署とハローワークでの手続き\n\n### 4.3 銀行口座",
      "text": "5日以内",
      "verification_needed": true,
      "confidence": 0.9,
      "verification_result": {
        "status": "verified",
        "confidence": 0.9,
        "sources": [],
        "last_checked": "2025-06-30T10:44:36.923667",
        "notes": ""
      }
    },
    {
      "type": "numerical",
      "category": "period",
      "value": "2",
      "context": "の開設\n\n**法人口座開設の準備**\n- 登記事項証明書の取得\n- 法人印鑑証明書の取得\n- 必要書類の整備\n\n**口座開設の審査**\n- 事業内容の説明\n- 資金使途の明確化\n- 審査期間は通常1-2週間\n\n## 5. 会社設立の費用\n\n### 5.1 株式会社設立の場合\n\n**必須費用**\n- 定款認証手数料：3-5万円（資本金額により変動）\n- 定款印紙代：4万円（電子定款なら0円）\n- 登録免許",
      "text": "2週間",
      "verification_needed": true,
      "confidence": 0.9,
      "verification_result": {
        "status": "verified",
        "confidence": 0.9,
        "sources": [],
        "last_checked": "2025-06-30T10:44:36.923668",
        "notes": ""
      }
    },
    {
      "type": "procedural",
      "category": "procedure",
      "value": "定款認証",
      "context": "を考慮\n\n### 3.2 定款の作成\n\n**定款の必須記載事項**\n- 商号\n- 目的\n- 本店所在地\n- 設立に際して出資される財産の価額またはその最低額\n- 発起人の氏名または名称及び住所\n\n**定款認証**\n- 公証役場での認証手続き\n- 電子定款の利用で印紙代4万円節約\n- 認証手数料：\n  - 資本金100万円未満: 3万円\n  - 資本金100万円以上300万円未満: 4万円\n  - 資本金3",
      "text": "定款認証",
      "verification_needed": true,
      "confidence": 0.8,
      "verification_result": {
        "status": "verified",
        "confidence": 0.8,
        "sources": [
          "procedure_database"
        ],
        "last_checked": "2025-06-30T10:44:36.923671",
        "notes": "Procedural fact verified"
      }
    },
    {
      "type": "procedural",
      "category": "procedure",
      "value": "定款認証",
      "context": "類の整備\n\n**口座開設の審査**\n- 事業内容の説明\n- 資金使途の明確化\n- 審査期間は通常1-2週間\n\n## 5. 会社設立の費用\n\n### 5.1 株式会社設立の場合\n\n**必須費用**\n- 定款認証手数料：3-5万円（資本金額により変動）\n- 定款印紙代：4万円（電子定款なら0円）\n- 登録免許税：15万円（減税制度利用で7.5万円）\n- 印鑑作成費：1-3万円\n\n**合計：20-24万円**",
      "text": "定款認証",
      "verification_needed": true,
      "confidence": 0.8,
      "verification_result": {
        "status": "verified",
        "confidence": 0.8,
        "sources": [
          "procedure_database"
        ],
        "last_checked": "2025-06-30T10:44:36.923673",
        "notes": "Procedural fact verified"
      }
    },
    {
      "type": "procedural",
      "category": "procedure",
      "value": "定款認証",
      "context": "# 9.2 オンライン手続きの拡大\n\n**現在利用可能なサービス**\n- 法人設立ワンストップサービス\n- 電子申請システム\n- オンライン相談サービス\n\n### 9.3 2024年の制度変更\n\n**定款認証手数料の更なる減額**\n- 2024年12月1日から、特定条件を満たす場合に1.5万円への減額が可能\n- 適用条件：\n  - 発起人が全て自然人（3名以下）\n  - 発起人が設立時発行株式の全てを引き",
      "text": "定款認証",
      "verification_needed": true,
      "confidence": 0.8,
      "verification_result": {
        "status": "verified",
        "confidence": 0.8,
        "sources": [
          "procedure_database"
        ],
        "last_checked": "2025-06-30T10:44:36.923675",
        "notes": "Procedural fact verified"
      }
    },
    {
      "type": "procedural",
      "category": "procedure",
      "value": "登記申請",
      "context": "### 3.3 資本金の払込み\n\n**払込み手続き**\n- 発起人の個人口座への入金\n- 払込証明書の作成\n- 通帳のコピー準備\n\n### 3.4 設立登記の申請\n\n**必要書類の準備**\n- 設立登記申請書\n- 定款\n- 取締役就任承諾書\n- 印鑑証明書\n- 払込証明書\n\n**法務局での手続き**\n- 管轄法務局の確認\n- 登記申請書の提出\n- 登録免許税の納付（15万円または資本金の0.7%の高い方",
      "text": "登記申請",
      "verification_needed": true,
      "confidence": 0.8,
      "verification_result": {
        "status": "verified",
        "confidence": 0.8,
        "sources": [
          "procedure_database"
        ],
        "last_checked": "2025-06-30T10:44:36.923677",
        "notes": "Procedural fact verified"
      }
    },
    {
      "type": "procedural",
      "category": "procedure",
      "value": "登記申請",
      "context": "### 3.4 設立登記の申請\n\n**必要書類の準備**\n- 設立登記申請書\n- 定款\n- 取締役就任承諾書\n- 印鑑証明書\n- 払込証明書\n\n**法務局での手続き**\n- 管轄法務局の確認\n- 登記申請書の提出\n- 登録免許税の納付（15万円または資本金の0.7%の高い方）\n\n## 4. 設立後の重要な手続き\n\n### 4.1 税務署への届出\n\n**法人設立届出書**\n- 設立から2ヶ月以内に提出",
      "text": "登記申請",
      "verification_needed": true,
      "confidence": 0.8,
      "verification_result": {
        "status": "verified",
        "confidence": 0.8,
        "sources": [
          "procedure_database"
        ],
        "last_checked": "2025-06-30T10:44:36.923679",
        "notes": "Procedural fact verified"
      }
    },
    {
      "type": "procedural",
      "category": "procedure",
      "value": "税務署への届出",
      "context": "込証明書\n\n**法務局での手続き**\n- 管轄法務局の確認\n- 登記申請書の提出\n- 登録免許税の納付（15万円または資本金の0.7%の高い方）\n\n## 4. 設立後の重要な手続き\n\n### 4.1 税務署への届出\n\n**法人設立届出書**\n- 設立から2ヶ月以内に提出\n- 定款のコピーを添付\n\n**青色申告の承認申請書**\n- 設立から3ヶ月以内に提出\n- 税制優遇を受けるために必須\n\n### 4.2 社会保",
      "text": "税務署への届出",
      "verification_needed": true,
      "confidence": 0.8,
      "verification_result": {
        "status": "verified",
        "confidence": 0.8,
        "sources": [
          "procedure_database"
        ],
        "last_checked": "2025-06-30T10:44:36.923681",
        "notes": "Procedural fact verified"
      }
    },
    {
      "type": "institutional",
      "category": "system",
      "value": "特定創業支援等事業",
      "context": "ト**\n- 税務面でのアドバイス\n- 設立後の継続サポート\n- 節税対策の提案\n\n**費用**\n- 設立手続き：5-15万円\n- 顧問料：月額2-5万円\n\n### 6.3 登録免許税の減税制度\n\n**特定創業支援等事業の活用**\n- 市町村の創業支援プログラム受講で登録免許税が半額に\n- 申請から認定まで1-2ヶ月必要\n- 株式会社：15万円→7.5万円\n- 合同会社：6万円→3万円\n\n**適用条件**\n- 市町村",
      "text": "特定創業支援等事業",
      "verification_needed": true,
      "confidence": 0.9,
      "verification_result": {
        "status": "verified",
        "confidence": 0.9,
        "sources": [
          "institutional_database"
        ],
        "last_checked": "2025-06-30T10:44:36.923683",
        "notes": "Institutional fact verified"
      }
    },
    {
      "type": "institutional",
      "category": "system",
      "value": "特定創業支援等事業",
      "context": "務・人材育成・販路開拓の知識習得が必要\n- 1ヶ月以上かつ4回以上の支援を受けること\n\n**申請手順**\n1. 居住地の市町村で創業支援プログラムを確認\n2. 創業支援等事業を受講\n3. 市町村から「特定創業支援等事業証明書」を取得\n4. 会社設立登記時に証明書を提出\n\n## 7. よくある失敗と対策\n\n### 7.1 資本金設定の失敗\n\n**失敗例**\n- 資本金1円で設立したが、取引先の信用を得られない\n- 消",
      "text": "特定創業支援等事業",
      "verification_needed": true,
      "confidence": 0.9,
      "verification_result": {
        "status": "verified",
        "confidence": 0.9,
        "sources": [
          "institutional_database"
        ],
        "last_checked": "2025-06-30T10:44:36.923685",
        "notes": "Institutional fact verified"
      }
    },
    {
      "type": "institutional",
      "category": "system",
      "value": "法人設立ワンストップサービス",
      "context": "### 9.1 電子定款の活用\n\n**メリット**\n- 印紙代4万円の節約\n- 手続きの効率化\n- 書類管理の簡素化\n\n### 9.2 オンライン手続きの拡大\n\n**現在利用可能なサービス**\n- 法人設立ワンストップサービス\n- 電子申請システム\n- オンライン相談サービス\n\n### 9.3 2024年の制度変更\n\n**定款認証手数料の更なる減額**\n- 2024年12月1日から、特定条件を満たす場合に1.5万円への減額",
      "text": "法人設立ワンストップサービス",
      "verification_needed": true,
      "confidence": 0.9,
      "verification_result": {
        "status": "verified",
        "confidence": 0.9,
        "sources": [
          "institutional_database"
        ],
        "last_checked": "2025-06-30T10:44:36.923687",
        "notes": "Institutional fact verified"
      }
    },
    {
      "type": "institutional",
      "category": "system",
      "value": "電子定款",
      "context": "形態があります：\n\n**株式会社**\n- 最も一般的な会社形態\n- 資本金1円から設立可能\n- 株主の責任は有限\n- 信用度が高い\n\n**合同会社（LLC）**\n- 設立費用が安い（紙定款：10万円、電子定款：6万円）\n- 決算公告義務なし\n- 経営の自由度が高い\n- 社会的認知度は株式会社より劣る\n\n**合資会社・合名会社**\n- 現在はほとんど選択されない\n- 無限責任を負うリスクがある\n\n### 1",
      "text": "電子定款",
      "verification_needed": true,
      "confidence": 0.9,
      "verification_result": {
        "status": "verified",
        "confidence": 0.9,
        "sources": [
          "institutional_database"
        ],
        "last_checked": "2025-06-30T10:44:36.923689",
        "notes": "Institutional fact verified"
      }
    },
    {
      "type": "institutional",
      "category": "system",
      "value": "電子定款",
      "context": "款の必須記載事項**\n- 商号\n- 目的\n- 本店所在地\n- 設立に際して出資される財産の価額またはその最低額\n- 発起人の氏名または名称及び住所\n\n**定款認証**\n- 公証役場での認証手続き\n- 電子定款の利用で印紙代4万円節約\n- 認証手数料：\n  - 資本金100万円未満: 3万円\n  - 資本金100万円以上300万円未満: 4万円\n  - 資本金300万円以上: 5万円\n  - 特定条件下:",
      "text": "電子定款",
      "verification_needed": true,
      "confidence": 0.9,
      "verification_result": {
        "status": "verified",
        "confidence": 0.9,
        "sources": [
          "institutional_database"
        ],
        "last_checked": "2025-06-30T10:44:36.923691",
        "notes": "Institutional fact verified"
      }
    },
    {
      "type": "institutional",
      "category": "system",
      "value": "電子定款",
      "context": "化\n- 審査期間は通常1-2週間\n\n## 5. 会社設立の費用\n\n### 5.1 株式会社設立の場合\n\n**必須費用**\n- 定款認証手数料：3-5万円（資本金額により変動）\n- 定款印紙代：4万円（電子定款なら0円）\n- 登録免許税：15万円（減税制度利用で7.5万円）\n- 印鑑作成費：1-3万円\n\n**合計：20-24万円**\n（電子定款利用時：16-20万円、特定条件併用時：約16.5万円、減税制度",
      "text": "電子定款",
      "verification_needed": true,
      "confidence": 0.9,
      "verification_result": {
        "status": "verified",
        "confidence": 0.9,
        "sources": [
          "institutional_database"
        ],
        "last_checked": "2025-06-30T10:44:36.923692",
        "notes": "Institutional fact verified"
      }
    },
    {
      "type": "institutional",
      "category": "system",
      "value": "電子定款",
      "context": "数料：3-5万円（資本金額により変動）\n- 定款印紙代：4万円（電子定款なら0円）\n- 登録免許税：15万円（減税制度利用で7.5万円）\n- 印鑑作成費：1-3万円\n\n**合計：20-24万円**\n（電子定款利用時：16-20万円、特定条件併用時：約16.5万円、減税制度併用時：約9万円）\n\n### 5.2 合同会社設立の場合\n\n**必須費用**\n- 定款印紙代：4万円（電子定款なら0円）\n- 登録免許税",
      "text": "電子定款",
      "verification_needed": true,
      "confidence": 0.9,
      "verification_result": {
        "status": "verified",
        "confidence": 0.9,
        "sources": [
          "institutional_database"
        ],
        "last_checked": "2025-06-30T10:44:36.923694",
        "notes": "Institutional fact verified"
      }
    },
    {
      "type": "institutional",
      "category": "system",
      "value": "電子定款",
      "context": "計：20-24万円**\n（電子定款利用時：16-20万円、特定条件併用時：約16.5万円、減税制度併用時：約9万円）\n\n### 5.2 合同会社設立の場合\n\n**必須費用**\n- 定款印紙代：4万円（電子定款なら0円）\n- 登録免許税：6万円（減税制度利用で3万円）\n- 印鑑作成費：1-3万円\n\n**合計：10万円**\n（電子定款利用時：6万円、減税制度併用時：3万円）\n\n## 6. 専門家への依頼を検討",
      "text": "電子定款",
      "verification_needed": true,
      "confidence": 0.9,
      "verification_result": {
        "status": "verified",
        "confidence": 0.9,
        "sources": [
          "institutional_database"
        ],
        "last_checked": "2025-06-30T10:44:36.923719",
        "notes": "Institutional fact verified"
      }
    },
    {
      "type": "institutional",
      "category": "system",
      "value": "電子定款",
      "context": "# 5.2 合同会社設立の場合\n\n**必須費用**\n- 定款印紙代：4万円（電子定款なら0円）\n- 登録免許税：6万円（減税制度利用で3万円）\n- 印鑑作成費：1-3万円\n\n**合計：10万円**\n（電子定款利用時：6万円、減税制度併用時：3万円）\n\n## 6. 専門家への依頼を検討すべきケース\n\n### 6.1 司法書士への依頼\n\n**メリット**\n- 登記手続きの専門家\n- 確実な手続き実行\n- 時間",
      "text": "電子定款",
      "verification_needed": true,
      "confidence": 0.9,
      "verification_result": {
        "status": "verified",
        "confidence": 0.9,
        "sources": [
          "institutional_database"
        ],
        "last_checked": "2025-06-30T10:44:36.923728",
        "notes": "Institutional fact verified"
      }
    },
    {
      "type": "institutional",
      "category": "system",
      "value": "電子定款",
      "context": "門家**\n- 税理士\n- 司法書士\n- 社会保険労務士\n- 弁護士\n\n**継続的な関係構築**\n- 定期的な相談\n- 情報共有\n- 早期対応\n\n## 9. デジタル化時代の会社設立\n\n### 9.1 電子定款の活用\n\n**メリット**\n- 印紙代4万円の節約\n- 手続きの効率化\n- 書類管理の簡素化\n\n### 9.2 オンライン手続きの拡大\n\n**現在利用可能なサービス**\n- 法人設立ワンストップサービ",
      "text": "電子定款",
      "verification_needed": true,
      "confidence": 0.9,
      "verification_result": {
        "status": "verified",
        "confidence": 0.9,
        "sources": [
          "institutional_database"
        ],
        "last_checked": "2025-06-30T10:44:36.923735",
        "notes": "Institutional fact verified"
      }
    },
    {
      "type": "institutional",
      "category": "system",
      "value": "電子定款",
      "context": "す場合に1.5万円への減額が可能\n- 適用条件：\n  - 発起人が全て自然人（3名以下）\n  - 発起人が設立時発行株式の全てを引き受け\n  - 取締役会を設置しない\n\n**デジタル化の推進**\n- 電子定款の普及促進\n- オンライン手続きの拡充\n- デジタル庁による行政手続きの簡素化\n\n## 10. まとめ\n\n会社設立は複雑な手続きですが、適切な準備と専門家のサポートがあれば、スムーズに進めることができ",
      "text": "電子定款",
      "verification_needed": true,
      "confidence": 0.9,
      "verification_result": {
        "status": "verified",
        "confidence": 0.9,
        "sources": [
          "institutional_database"
        ],
        "last_checked": "2025-06-30T10:44:36.923741",
        "notes": "Institutional fact verified"
      }
    },
    {
      "type": "institutional",
      "category": "system",
      "value": "青色申告",
      "context": "（15万円または資本金の0.7%の高い方）\n\n## 4. 設立後の重要な手続き\n\n### 4.1 税務署への届出\n\n**法人設立届出書**\n- 設立から2ヶ月以内に提出\n- 定款のコピーを添付\n\n**青色申告の承認申請書**\n- 設立から3ヶ月以内に提出\n- 税制優遇を受けるために必須\n\n### 4.2 社会保険関係の手続き\n\n**健康保険・厚生年金保険**\n- 年金事務所での手続き（設立日から5日以内）",
      "text": "青色申告",
      "verification_needed": true,
      "confidence": 0.9,
      "verification_result": {
        "status": "verified",
        "confidence": 0.9,
        "sources": [
          "institutional_database"
        ],
        "last_checked": "2025-06-30T10:44:36.923747",
        "notes": "Institutional fact verified"
      }
    }
  ],
  "recommendations": [
    "5件の情報が更新が必要です。最新の制度変更を確認してください。",
    "27件の情報が未検証です。追加の調査が必要です。"
  ]
}